idActor,nombre
1,Angela White
2,Matthew Peterson
3,John Higgins
4,Angela Collins
5,Kathleen Ray
6,Brianna Romero
7,Carol King
8,Felicia Woods
9,Julia Cole
10,Frances Hall
11,Andrew Nichols
12,Alexis Ayala
13,Jesse Hancock
14,Darren Cooper PhD
15,James Robertson
16,Stuart Moran
17,Joshua Ayers
18,Jason Cook
19,Sarah Hernandez
20,Beth Clark
21,Kimberly Adams
22,Kenneth Jones
23,Jeffrey Martinez
24,Samantha Schmidt
25,Jose Meyer
26,Carrie Bryant
27,Jennifer Schroeder
28,Vicki Barker
29,Frank Jackson
30,Jennifer Thomas
31,Caleb Cordova
32,Jacob Brandt
33,Heather Frazier
34,Katrina Maldonado
35,Kathryn Hunt
36,Brenda Patterson
37,Douglas Navarro
38,Monica Campbell
39,Peter Olson
40,Barbara Hill
41,Caitlyn Allen
42,Gary Donovan
43,Frances Jones
44,Theresa Moore DDS
45,Alexandra Archer
46,Jon Oconnell
47,Vickie Anthony
48,Peter Harmon
49,James Gilbert
50,Casey Vaughan
51,Rachel Adams
52,Barry Wiggins
53,Timothy Sanchez
54,Thomas Owen
55,Tommy Mitchell
56,Dylan Barker
57,Tony Jennings
58,Nancy Li
59,Nathan Gallagher
60,Michele Wilkinson MD
61,Michael Fuller
62,Lori Alexander
63,Brooke Jackson
64,Joseph Kim
65,Victoria Shelton
66,Andrea Washington
67,Christina Chambers
68,Jennifer Galloway
69,Tina Tucker
70,Manuel Nichols
71,Keith Stephens
72,Kristin Brown
73,Sean Barrett
74,Christopher Ramsey
75,Olivia Trevino
76,Grant Lawson
77,Jessica West
78,Tiffany Turner
79,Amy Patel
80,Rebecca Carr
81,Kenneth Hoover
82,Kelly Hunt
83,Kevin Jacobs
84,Tyler Day
85,Robert Walker
86,Donald Knapp
87,Steven Allen
88,Sarah Hernandez
89,Dan Erickson
90,Maria Willis
91,Amanda Walker
92,Taylor Bell
93,Alexander Medina
94,Joshua Lucas
95,Benjamin Blair
96,George Roberts
97,Randall Horton
98,Megan Lopez
99,Rebecca White
100,Dorothy Johnson
101,Sydney Sosa
102,Dennis Velazquez
103,Gary Anderson
104,Scott King
105,Matthew Hamilton
106,Shannon Myers
107,Jeffrey Hernandez
108,Rachel Mcguire
109,Adam Mayo
110,Michael Zimmerman
111,Luis Maldonado
112,John Oconnor
113,Stephanie Morales
114,Gary Holland
115,Tim Soto
116,Kathy Garcia
117,Lawrence Patel
118,Michael Clay
119,Deborah Rose
120,Olivia Walsh
121,Jesse Mcdonald
122,Christopher Farley
123,Carol Carey
124,James Hall
125,Mary Alexander
126,Edward Miller
127,Michael Edwards
128,Christopher Reed
129,Michelle Hensley
130,Laurie Flores
131,William Daniel
132,Craig Wilson
133,Kevin Cooper
134,Lisa Patterson
135,Christopher Crosby
136,Dawn Butler
137,Patrick Hurley
138,Heather Black
139,Austin Graham
140,Mr. Travis Castro DDS
141,Sharon Barron
142,James Johnson
143,Amber Moore
144,Holly Sullivan
145,Wesley Bean
146,Luis Bailey
147,Cassidy Davis
148,Michael Juarez
149,Mary Rodriguez
150,Jacqueline Cooper
151,Daryl Reed
152,Yvonne Rose
153,Jim Reed
154,Derek King
155,Stephanie Singh
156,Jared Briggs
157,Kenneth Bennett
158,Michael Jackson
159,Jamie Finley
160,Terry Petty
161,Paul Barrett
162,Faith Burton
163,Robert Peters
164,Stephanie Watts
165,Tina Mckinney
166,Barbara Hughes
167,George Rocha
168,Sarah Welch
169,Matthew Gray
170,Lynn Adams
171,Brenda Woods MD
172,Christina Martin
173,Kelly Lopez
174,Jeffrey Roberts
175,Jay Randall
176,Christine Snyder
177,Christopher Walker
178,Maria Mcdonald
179,Robert Cross
180,Curtis Carter
181,Edwin Floyd
182,Robert Freeman
183,Lindsey Ware
184,Jenny Wilkinson
185,Tyler Reyes
186,Roger Hubbard
187,Mr. Randall Smith
188,Brandon Sullivan
189,Tommy Roberson
190,Michael Valdez
191,Pam Sanchez
192,Katrina Sanchez
193,Karen Harris
194,Janice Cline
195,Michael Brennan
196,Danny Camacho
197,Michele Morris
198,Julia Glover
199,Rhonda Lam
200,Dr. Thomas Brown
201,Gregory Bennett
202,Joseph Wise
203,Ashley Adams
204,John Allen
205,Brian Lewis
206,Sarah Morton
207,Julie Terrell
208,Allen Phillips
209,Barbara Hart
210,James Jones
211,Christopher Scott
212,Corey Rhodes
213,Marie Baird
214,Courtney Hall
215,Wendy Clark
216,Dawn Sanchez
217,Nathan Wright
218,William Simmons
219,Patrick Jones
220,Allison Martin
221,Heather Hernandez
222,Chelsea Ramirez
223,Jason Barnett
224,Jeffrey Crane
225,Joshua Moore
226,Nathan Allen
227,Linda Barker
228,Sarah Powers
229,Billy Jenkins
230,Darrell Chavez
231,Angel Adams
232,Regina Lee
233,Dustin Welch
234,Danielle Mendoza
235,Amanda Guerrero DVM
236,Robert Perez
237,Louis Murphy
238,Katherine Glass
239,Darren Watkins
240,Sharon Morton
241,David Kennedy
242,Allen Walker
243,Nancy Landry
244,David Lee
245,Michelle Nguyen
246,Richard Pearson
247,John Singleton
248,Haley Gibson
249,Grant Burns
250,Ricardo Shepherd
251,Heather Dodson
252,Molly Barnes
253,Aaron Jones
254,Cynthia Conrad
255,Jeanne Costa
256,Joshua Soto
257,Joshua Freeman
258,Corey Anderson
259,Daniel Wilson
260,Amanda Hester
261,Tammy Freeman
262,Megan Hunter
263,Jeffrey Patton
264,Felicia Best
265,Timothy Porter
266,Melissa Green
267,Victoria Smith
268,Anthony Carpenter
269,Edward Lopez
270,Angela Snyder
271,Shelley Morris
272,Melinda Schmidt
273,Jennifer Edwards
274,Andrea Preston
275,Kristin Brown
276,Elizabeth Baker
277,Donna Miller
278,Karla Gutierrez
279,Christopher Smith
280,Joseph Young
281,Melissa Gilbert
282,Leroy Lloyd
283,Ashley Dennis
284,Robert Wright
285,Hector Robinson
286,Julie Young
287,Maria Perkins
288,Eric Daniels
289,Destiny Shaffer
290,Jacqueline Ray
291,Ashley Nichols
292,Alexandria Smith
293,Gregory Houston
294,Mr. James Hanson PhD
295,Hannah Morgan
296,Michelle Schmidt
297,Richard Moore
298,Amanda Hunter
299,Garrett Allen
300,Joanna Johnson
301,James Davis
302,Andrea Peterson
303,Amanda Johnson
304,Frank Fisher
305,Jacqueline Simpson
306,Katrina Wang
307,Jennifer Bailey
308,Melissa Jennings
309,Robert Martin
310,David Garrett
311,Dr. Natalie Sosa
312,Kelly Burke
313,Kyle Garcia
314,Ana Johnson
315,Jennifer Cervantes
316,Nathan Santiago
317,Lori Mcdowell
318,Dr. Michael Bentley
319,Cathy Andrews
320,Crystal Garcia
321,Taylor Johnson
322,Sophia Collier
323,Susan Jones
324,Gina Walker
325,Shannon Williams
326,Jenna Myers
327,James Barber
328,Erik Salazar
329,Justin Oliver
330,Danielle Morse
331,Melissa Miranda
332,Penny Flores
333,Kenneth Taylor
334,Scott Walsh
335,Jimmy Reynolds
336,Brandon Owen
337,Daniel Scott
338,Sabrina Christensen
339,Derrick Wheeler
340,Toni Garza
341,Chelsea Mann
342,Kari Brock
343,Catherine Davenport
344,Jennifer Weber
345,David White
346,Evelyn Smith
347,Jennifer Luna
348,Nicolas Marshall
349,Brianna Woods
350,Christopher Anderson
351,Jason Rivera
352,Howard Lowery
353,Jacob Williamson DDS
354,Calvin Miranda
355,Oscar Allen
356,Todd Wood
357,Gary Perez
358,Courtney Anderson
359,Douglas Hammond
360,Brenda Flores
361,Christian Fernandez
362,April Walters
363,Johnny Young
364,James Sanchez
365,Joseph Sloan
366,Jennifer Cunningham
367,David Richards
368,Todd Hardy
369,Victor Hernandez
370,Daniel Drake
371,Anna Mills
372,Rodney Wilkins
373,Megan Fields
374,Christie Lewis
375,Nicole Hogan
376,Mathew Murillo
377,Jacob Scott
378,Anthony Hoover
379,Shannon Petty
380,Erika Lopez
381,Jaime Flores
382,Pamela Berg
383,Jeffrey Burke
384,Mr. Christopher Cook
385,Dustin Perez
386,Jesse Jackson
387,Shannon Rogers
388,Jason Rodriguez
389,Elizabeth Barton
390,Jamie May
391,Judy Fuller
392,Christopher Cabrera
393,Dr. Marc Walker
394,William Fernandez
395,Bradley Davis
396,Roger Carey
397,Patricia Ramos
398,Brooke Mueller
399,Joan Bailey
400,Amy Shaffer
401,Casey Fletcher
402,Terry Ashley
403,Peter Martin
404,Christopher Rodriguez
405,Nicole Mcknight
406,Jennifer Hancock
407,Yvonne Hansen
408,Samantha Gonzalez
409,Rebecca Thomas
410,Elizabeth Hodges
411,Martha Hill
412,Drew Campbell
413,Anthony Williams
414,Dustin Anderson
415,John Clark
416,Shawn Estrada
417,Derrick Stewart
418,Ryan Cherry
419,Sheila Wilson
420,Zoe Mcgee
421,Brittany Nichols
422,James Levy
423,Gail Jackson
424,Christopher Reynolds
425,Janice Johnson
426,Sarah Frye
427,Cheryl Reed
428,Jonathan Ellison
429,Beth Nixon
430,Carlos Hernandez
431,Nicolas Mcgrath
432,Amanda Sanders
433,Brittany Goodwin
434,Jenny Wilson
435,Veronica Clark
436,Michelle Garza
437,Casey Curry
438,Sonya Roberts
439,William Taylor
440,Lucas Allen
441,Karen Kemp
442,Margaret Hernandez
443,Deborah Velasquez
444,Sarah Jefferson
445,Adam Sutton
446,Roger Walker
447,Toni Douglas
448,Corey Johnson
449,Jillian Johnson
450,Sara Hardy
451,Kyle Hoffman
452,Maxwell Ward
453,Michael Anderson
454,Karla Tucker
455,Meghan Lee
456,Howard Gonzales
457,Meghan Baker
458,Steven Wright
459,Kaitlyn Garza
460,Donald Solomon
461,Andrea Chavez
462,Erik Jones
463,Nicholas Hall
464,Theodore Sanchez
465,Amy Bell
466,April Estes
467,Melvin Long
468,Heather Ward
469,Julie Gordon
470,Holly Swanson
471,Maria Jimenez
472,Paul Strickland
473,John Macdonald DVM
474,Amanda Thomas
475,Maureen Todd
476,Michael Brennan
477,Adrienne Wallace
478,Gregory George
479,Jacob Horton
480,Carolyn Mason
481,Anthony Davidson
482,Jeffrey White
483,Andrea Barnes
484,Jesse Williams
485,Tina Garcia
486,Anna Kelley
487,Lisa Jackson
488,Philip Martin
489,Michael Morris
490,Jonathan Washington
491,Katherine Phillips
492,Desiree May
493,Melinda Richards
494,Stephen Tapia
495,James Moreno
496,Michael Moore
497,Amy Morrison
498,Nicholas Hall
499,Adam Herrera
500,Marissa Harrell
501,Lisa Pierce
502,Gregory Lopez
503,Carl Green
504,Jessica Payne
505,Megan Rocha
506,Lisa Guerra
507,Joseph Wilson
508,Elizabeth Fisher
509,Sonya Gray
510,Kelly Preston
511,Angela Castillo
512,Leslie Rodriguez
513,Angelica Williams
514,Lauren Jackson
515,Michael Hill
516,William Gomez
517,Patrick Petersen
518,Jeffrey Hernandez
519,Anthony Roy
520,Marie Rodriguez
521,Danny Aguilar
522,Heidi Yu
523,Matthew Rush
524,April Harvey
525,Kylie Martinez
526,Christine Chen
527,Bethany Oconnell
528,Dennis Wyatt
529,Karen Howard
530,Todd Davis Jr.
531,Rebecca Reese
532,Christian Duke
533,Melissa Stanton
534,Pamela Yates
535,Mr. Kyle Smith
536,Paige Williams
537,Amy Shah
538,James Ray
539,Carlos Chambers
540,Michael Franklin
541,Amanda Ramirez
542,Shelly Larson
543,Erica Walls
544,Andrew Riley
545,Anne Miller
546,Peter Spears
547,Gina Davis
548,Lisa Joseph
549,Jessica Nelson
550,Mr. Kyle Murray DDS
551,Ashley Cobb
552,Brian Williams
553,Heather Warren
554,Jasmine Meyer
555,Emily Payne
556,Dylan Clements
557,Alexis Garcia
558,Luke Brown
559,Jennifer Ellis
560,Ryan Franco
561,Sarah Duffy
562,Crystal Jackson
563,Sean Wilkins
564,Erin Preston
565,Wendy Jensen
566,Bruce Santiago
567,Alexis Rios
568,Michael Wood DVM
569,Lynn Fischer
570,Angela Garner
571,Brian Day
572,Amanda Wright
573,Laura Arellano
574,Holly Stafford
575,Mr. Glen Giles
576,Joshua Lewis
577,Steven Hughes
578,Caroline Mason
579,Adam Collins
580,Levi Roy
581,Laura Smith
582,Daniel Ingram
583,Aaron Phillips
584,Rachel Smith
585,Amber Pierce MD
586,Raymond Stevens
587,Jacqueline Fisher
588,Christopher Allen
589,Brandi Dunn
590,Stephen Gates
591,John Jones
592,Michael Clarke
593,Nathan Becker
594,Courtney Elliott
595,Lisa Holt
596,Eric Taylor
597,Courtney Harris
598,Valerie Casey
599,James Banks
600,Jordan Rose
601,Jodi Turner
602,Terri Trevino
603,Michael Jordan
604,Teresa Rivera
605,Rodney Brown
606,Emily Simon
607,Brandy Ali
608,Andrea Aguilar
609,Steven Hurst
610,Douglas Moore
611,Christopher Ryan
612,Sonya Stanley
613,Nancy Thompson
614,Tammy Moreno
615,Brian Proctor
616,Kenneth Jones
617,Dr. Susan Wilcox MD
618,James Carrillo
619,Steve Ferrell
620,Zachary Ramsey
621,Cassandra Jones
622,Jodi Baker
623,Leslie Kline
624,Phillip Wood
625,Rebecca Lewis
626,John Vincent MD
627,Shelly Bennett
628,Kimberly Stevens
629,Charles Williams
630,Brian Daniels
631,Emily Evans
632,Kayla Arnold
633,Michele Morgan
634,Joshua Simpson
635,Hannah Guerrero
636,Carlos Franklin
637,Stephanie Stephens
638,Victor Church
639,Ryan White
640,Robert Mosley
641,Jennifer King
642,Wayne Gibson
643,Jeanette Perez MD
644,Elizabeth Wilkinson
645,Patricia Lopez
646,Mark Powell
647,Matthew Morales
648,Kevin Valenzuela
649,Raymond Webb
650,Trevor Pierce
651,Alyssa Michael
652,Tara Johnson
653,Timothy Mcclure
654,Lorraine Black
655,Eric Snow
656,Samantha Oliver
657,Jesse Davis
658,Dorothy Huynh
659,Richard Chapman
660,Megan Brown
661,Andrew Ellison
662,Jonathan Molina
663,Lindsay Knight
664,Audrey Thompson
665,Anthony Hamilton
666,Diana Campbell
667,William Jimenez
668,Christian Valdez
669,Daniel Smith
670,Matthew Flowers
671,Katherine Ramirez
672,Juan Davis
673,Elizabeth Adkins
674,Erik Welch
675,Nicole Smith
676,Austin Perez
677,Brian Evans
678,Angela Pearson
679,Mary Martinez
680,Samuel Lopez
681,Zachary Smith
682,Kari Perez
683,Tyler Stone DVM
684,Melissa Hudson
685,Sarah Brown
686,Diana Foster
687,Peter Hudson
688,Daniel Hicks
689,Holly Barrett
690,Adrian Mccoy
691,Erin Palmer
692,Adam Johnson
693,Gabriel Monroe
694,Taylor Alexander
695,Frank Sosa
696,Kenneth Villarreal
697,Russell Aguilar
698,Bruce Cisneros
699,Jason Brown
700,Jennifer Mcmahon
701,Kevin Mccarthy
702,Michael Mosley DVM
703,Steven Hernandez
704,Timothy Miller
705,James Jones
706,John Campbell
707,Jonathan Dyer
708,Casey Woodard
709,Jeffrey Figueroa
710,Eric Morse
711,Jeanette Thomas
712,James Dennis
713,Chad Howard
714,Gregory Jenkins
715,Michele Taylor
716,Casey Cooper
717,Abigail Clark
718,Sean Marks
719,John Harding
720,Alex Fletcher
721,Frank Evans
722,Darren Sanchez
723,Tyler Flynn
724,Jennifer Kemp
725,Michele Middleton
726,Joseph Davis
727,Samantha Walsh
728,Luis Jackson
729,Jessica Alvarez
730,Brandon West
731,Miss Maria Davis
732,Sharon Copeland
733,Austin Ross
734,Erin Rasmussen
735,Anthony Adams Jr.
736,Sarah Winters
737,Audrey Wilkinson
738,Russell Stevens
739,Amy Goodman
740,Brenda Fields
741,Lori Gilbert
742,Luis Mack
743,Caleb Burns
744,Diana Lee
745,Jill Bowers
746,Ronald Brown
747,Tyler Johnson
748,Kelly Ray
749,Matthew Vazquez
750,Zachary Sanford
751,April Brooks
752,Marc Jones
753,Denise Smith
754,Samantha Simmons MD
755,Elizabeth Shepard
756,Tamara Potter
757,Paul Ward
758,Amy Mitchell
759,Mary Zavala
760,Ryan Pierce
761,Maria Mullen
762,Jacqueline Copeland
763,Summer Maynard
764,George Thompson
765,Ryan Orr
766,Joshua Mullins DDS
767,David King
768,Alexander Rojas
769,Erin Ruiz
770,Dylan Lee
771,Amanda Winters
772,Anthony Hernandez
773,Tara Brown
774,Christine Hall
775,Raymond Ramirez
776,Donna Stewart
777,Jason Deleon
778,Preston Arnold
779,Holly Harris
780,Nicholas Perez
781,Pamela Kennedy
782,Dr. Jennifer Fox
783,Amy Gomez
784,Sean Turner
785,Brittany Alvarado
786,Daniel Porter
787,Sean Mcdonald
788,Cory Harrison
789,Mr. Charles Stevens
790,Sean Maxwell
791,Christopher Morse
792,Elizabeth Jenkins
793,Felicia Jackson
794,Matthew Jenkins
795,Yvonne Lang
796,Katie Martinez
797,Christine Barnett
798,Katherine Moore
799,Eric Thompson
800,Audrey Horton
801,Joshua Cobb
802,Robert Davis
803,Rebecca Aguilar
804,Christopher Willis
805,James Harris
806,Denise Mendez
807,Rebecca Ramos
808,Diana Griffin
809,Melissa Buckley
810,Mark Hernandez
811,Cheryl Silva
812,Dominique Blankenship
813,Tina Miller
814,Jeremy Kirby
815,Douglas Munoz
816,Karen Ford
817,Roger Blair
818,Diana Patterson
819,Amy Lucero DDS
820,Joshua Evans
821,Karla Griffin
822,Arthur Mcclain
823,Julie Glover
824,Matthew Zamora
825,Katrina Williams
826,Jake Powell
827,Crystal Robinson
828,Thomas Harris
829,James Ochoa
830,Sara Thomas
831,Jonathan Clark
832,Jordan Ellis
833,Cindy Ochoa
834,Sarah Tanner
835,Arthur Christensen
836,Jason Hardin
837,Miss Christine Joseph MD
838,Holly Thompson
839,Christopher Stewart
840,Brandon Robles
841,Adam Pacheco
842,Sara Williams
843,Teresa Smith
844,John Jackson
845,Antonio Brown
846,Cory Ochoa
847,Keith Hart
848,Lauren Rush
849,Gina Rhodes
850,Kimberly Gonzalez
851,Kenneth Phillips
852,Matthew Brewer
853,John Maxwell
854,Randall Mcdaniel
855,Ronald Dawson
856,Kristine Nelson
857,John Jones
858,Richard Wall
859,Erin Owens
860,John Mendez
861,Dawn Diaz
862,Lisa Reed
863,Curtis Greene
864,Angela Moore
865,Cassandra Hanson
866,Richard Strickland
867,Brian Mills
868,Carolyn Moore
869,Tina Anderson
870,Roger Lane
871,Andre Gibson
872,Brandon Spears
873,Eric May
874,Sarah Flores
875,Edward Powell
876,Patrick Willis
877,Natalie Dunn
878,Christina Patterson
879,Dave Williams
880,Carrie Williams
881,Nancy Carter
882,Joshua Pittman
883,Edward Montoya
884,Mike Baldwin
885,Timothy Lewis
886,Dr. Kristy Harrison MD
887,Cindy Hayes
888,Christopher Diaz
889,Joshua Garrison
890,William Rangel
891,Sheri Carpenter
892,Tony Fox
893,Randall Moody
894,Amy Pollard
895,Daniel Cox
896,Kelli Ferguson
897,Patricia Heath
898,Walter Lopez
899,Shelly Larson
900,Andrew Hall
901,Samantha Barnes
902,Grant Garrett
903,Christopher Sampson
904,Amber Newman
905,Susan Robinson
906,Amber Tran
907,Angel Shaw
908,Michelle Nguyen
909,Samuel Hill
910,Ralph Johnson
911,Andrew Crosby
912,Sarah Johnson
913,Jordan Jackson
914,Joan Randall
915,David Dixon
916,Mark Smith
917,Anthony Bailey
918,Jerry Finley
919,Kelly Williams
920,Alicia Gaines
921,Tracey Schmidt
922,Natalie Montoya
923,Bailey Austin MD
924,Julie Sexton
925,Larry Moon
926,Glenn Merritt
927,Jason Schultz
928,Christina Blake
929,Cheryl Osborn
930,Crystal Simpson
931,Jennifer Chen
932,Daniel Khan
933,Amanda Carroll
934,Adam Wolfe
935,Brittney Johnson
936,Emily Brady
937,Shelley Howard
938,Rebecca Vargas
939,Andrew Wong
940,Kimberly Barnes
941,Pam Williams
942,Elizabeth Carson
943,Brittney Burns
944,Caleb Nash
945,John Melton
946,Christina King
947,Stephen Farmer
948,Natalie Burch
949,Blake Hamilton
950,David Hernandez
951,Matthew Arnold
952,Gregory Nelson
953,Christine Cortez
954,Sandra Webster DDS
955,Terry Allen
956,Patricia Bradley
957,Leslie Henderson
958,Philip Mitchell
959,Dana Miller
960,Kristina Lewis
961,Kathryn Banks
962,Christopher Davis
963,Tara Hampton
964,Amanda Martin
965,Stacey Caldwell
966,David Grimes
967,Michael Phillips
968,Susan Warren
969,George Beard
970,Kristin Sullivan
971,Olivia Owens
972,Ethan Terry
973,Jennifer Huffman
974,Rebecca Green
975,Erin Snyder
976,Frank Jenkins
977,Sharon Richardson
978,Amanda Richardson
979,Amber Lee
980,Brenda Gonzales
981,Bryan Paul
982,Bradley Williams
983,Susan Martinez
984,Stephanie Briggs
985,Patrick Lee
986,Randy Long
987,Joseph Middleton
988,Jillian Ortiz
989,Rebecca Price
990,Yvonne Holt
991,Jessica Bowman
992,Tyler Valentine III
993,Monica Phillips
994,Jill Kim
995,Ashley Stafford
996,William Kirk
997,Jeremy Saunders
998,Mrs. Rachael Bailey
999,Paul Neal
