idDirector,nombre
1,Jonathan Jackson
2,Jacqueline Kelley
3,Kathryn Mahoney
4,Dawn Pena
5,John Spencer
6,John Leon
7,Amanda Alvarez
8,Anthony Wu
9,Linda Stokes
10,Brandi Wilson
11,Joseph Bowman
12,Brittany Wood
13,Terry Bush
14,John Anderson
15,Brandi Bennett
16,Jeffrey Jordan
17,Katherine Hurst
18,Chloe Pierce
19,Renee Young
20,Traci Roberts
21,David Robinson
22,Shannon Lowe
23,Dr. Anthony Gray
24,Ashley Gonzalez
25,Danielle Cardenas MD
26,Susan Nelson
27,Christy Chung
28,Judy Howard
29,Sue Wilson
30,Tanya Brown
31,David Collins
32,Shawn Hill
33,Pamela Wilson
34,Cindy Mcdowell
35,Tiffany Johnson
36,Carrie Becker
37,Thomas Robbins
38,Linda Evans
39,Angela Arnold
40,Jordan Gutierrez
41,Lindsay Thornton
42,Jerry Bauer
43,Joshua Fisher
44,Mckenzie Meyers
45,Kenneth Page
46,Vanessa Terry PhD
47,Sarah Thomas
48,Crystal Wilson
49,Amanda Gilbert
50,Margaret Reyes
51,Brandon Murphy
52,Stephanie Hines
53,Justin Lopez
54,Julie Short
55,Sharon Perry
56,Javier Smith
57,Kayla Cortez
58,Mary Roberts
59,Jacob Wilson
60,Luke Doyle
61,Janice Woods
62,Alexis Michael
63,Courtney Pena
64,Susan Kelly
65,Kim Holloway
66,Brian Williams
67,Sara Porter
68,Michelle Glass
69,Deanna Hardy
70,Steven Sanders
71,Jacob Gibbs
72,Courtney Scott
73,Kristi Taylor
74,Bradley Goodman
75,Courtney Ferrell
76,Marcus Mccarthy
77,Jonathan Brown
78,Phillip Gay
79,Laura Rodriguez
80,Zachary Dawson
81,Jennifer Meyer
82,Wesley Barajas
83,Deanna Chapman
84,Patricia Johnson
85,Christina Byrd
86,William Garcia
87,Logan Robinson
88,Jacob Jones
89,Michael Kennedy
90,Austin Howard
91,Jennifer Roberts
92,James Walker
93,James Moore
94,Dominique Stevens
95,Jim Gordon
96,Dana Schultz
97,Stacy Evans DVM
98,Daniel Sutton
99,Alan Mccoy
100,Grace Guzman
101,Andres Roman
102,Lynn Bradshaw MD
103,Michael Bartlett
104,Erin Ball
105,Brittany Hatfield
106,Mr. Kevin Wright Jr.
107,Molly Walters
108,Daniel Gibson
109,Bryan Jimenez
110,Christopher Gilbert
111,Michelle Rodriguez
112,Cody Moore
113,Christina Ford
114,Melissa Reyes
115,Tracy Beasley
116,Angela Rodriguez
117,Steven Torres
118,David Carter
119,Nathan Cervantes
120,Dylan Holland
121,Brandi Manning
122,Kaitlyn Williams
123,Dan Roberts
124,Derek Garcia
125,Richard Jones
126,Jessica Holloway
127,Jared Brown
128,Renee Ford
129,Mrs. Elizabeth Kemp
130,Daniel Schneider
131,Richard Bell
132,Diana Martin
133,Andrew Hobbs
134,Calvin Morris
135,Kerri Nielsen
136,Danielle Franklin
137,Randy Sanchez
138,Brittany Campbell
139,Jenna Bryant
140,Margaret Rodriguez
141,Robert Conway
142,Theresa Collins
143,Mrs. Erica Smith
144,Brooke Bell
145,Jacob Young
146,Kelly Munoz
147,Mr. Thomas Sanders
148,Antonio Murray
149,Margaret Ruiz
150,Joseph Thomas
151,Jeffrey Scott
152,Jennifer Clay
153,Kimberly Lozano
154,Corey Garcia
155,Amy Hawkins
156,Kenneth Miller
157,Oscar Johnson
158,Hector Glass
159,Robert White
160,Julie Taylor
161,Vanessa Williams
162,Anthony Barber
163,Bridget Castillo DVM
164,Brian Guerra
165,Jessica Garner
166,Jerome Stevenson
167,Marc Gutierrez
168,Alice Rodgers
169,Tracy Harper
170,Amber Morgan
171,Carmen Jackson
172,Susan Rodriguez
173,Valerie Stanton
174,James James
175,James Anderson
176,Anthony Alvarez
177,Angel Stevens
178,William Houston
179,Mark Rodriguez
180,Brittany Huber
181,Brian Evans
182,Jessica Ryan
183,Stacy Schroeder
184,Tyrone Eaton
185,Daniel Lynn
186,Daniel Jackson
187,Tonya Barton
188,Corey Espinoza
189,James Evans
190,Jordan Howell
191,Jared Walker
192,Michelle Fischer
193,Daniel Hall
194,Richard Rivera
195,Lee Norton
196,Dustin Scott
197,Thomas Miller
198,Amanda Wells
199,Melanie Brown
200,Cheyenne Thomas
201,Justin Clark
202,Joseph Clark
203,Pedro Powers
204,Leah Moon
205,Travis Ferguson
206,Mark Irwin
207,Cassandra Williams
208,Carl Medina
209,Mitchell Craig
210,Eugene Davis
211,Cheryl Harrison DDS
212,Gary Guzman
213,Leonard Mccormick
214,Theodore Armstrong
215,Stuart Molina
216,Joseph Shea
217,Alyssa James
218,David Thompson
219,Derek Thomas
220,Samuel Wong
221,Rebecca Kim
222,Johnny Charles
223,Dustin Gray
224,Alexander Perez
225,Tina Gibson
226,Katherine Best
227,Angela Williams
228,Cheryl Hanson
229,Mr. Stephen Martin
230,Johnny Wells
231,Matthew Reynolds
232,Robert Brown
233,Crystal Booker
234,John King
235,Martha Frazier
236,James Rodriguez
237,Mary Johnson
238,Kristen Ashley
239,Dr. Aaron Yang DVM
240,Bryce Lopez
241,Karen Santos
242,Samuel Lewis
243,Steven Alvarado
244,Michael Ellis
245,Yesenia Anderson
246,Kelly Turner
247,Gary Green
248,Scott Gordon
249,Sandra Gray
250,William Burke
251,Jennifer Anthony
252,Corey Page
253,Rebecca Schultz
254,Jordan Rojas
255,April Wang
256,Shawna Jackson
257,Kristopher Bullock
258,Donald Le
259,Julia Davis
260,John Brown
261,Heather Bell
262,Lindsay Sparks
263,Tony Cox
264,Brian Hobbs
265,Mary Lloyd
266,Brianna Perez
267,Erin Brewer
268,Mitchell Gonzalez
269,Wendy Hahn
270,David Soto
271,Whitney Stanton
272,Erica Steele
273,Nancy Bates
274,Jonathan Stephens
275,Kimberly George
276,David Williams
277,Kaylee Turner
278,Curtis Gutierrez
279,Karen Sullivan
280,Bryan Murillo
281,Lisa Walker MD
282,Mary Long
283,Alexandra Mcknight
284,Ronald Bennett
285,Angie Johnson
286,Brenda Stephens
287,Thomas Bentley
288,Wendy Jordan
289,Zachary Reed
290,Tammy Cabrera
291,Paul Chavez
292,Paul Gomez
293,Jacqueline Brown MD
294,Patrick Sandoval
295,Colleen Snyder
296,Matthew Miller
297,Jason Harris
298,Mary Carey
299,Andre Grimes DDS
300,Margaret Thomas
301,Michael James
302,Laura Williams
303,Felicia Hernandez
304,Daniel Mitchell
305,Kristin Smith
306,Gina Williams
307,Roy Smith
308,Steven Hoffman
309,Vanessa Lloyd
310,Karina Martinez
311,Richard Fletcher
312,James Sosa
313,Courtney Scott
314,Craig Brown
315,Kevin Navarro
316,Anthony Shaffer
317,Jennifer Conrad
318,Gina Murillo
319,David Parker
320,Arthur Hunt
321,Dawn White
322,John Avery
323,Jonathan Price
324,Alison Gardner
325,John Jackson
326,Joanna Herrera
327,David Velasquez
328,Elizabeth Henderson
329,Michael Lee
330,Brandon Brooks
331,Timothy Perry
332,Robert Perry
333,Amanda Day
334,Phillip Thompson
335,Glenda Hunter
336,Dennis Clark
337,Amy Sosa
338,Juan Johnson
339,Kevin Reynolds
340,Robert Turner
341,Pamela Bates
342,Christopher Stafford
343,Danny Baker
344,April Stevens
345,Mr. Jeffrey Stone
346,Elizabeth White
347,Daniel Long
348,Barbara Richards
349,Molly Morse
350,Belinda Buchanan
351,Kristen White
352,Donald Hogan
353,Dr. Brian Hopkins MD
354,Danielle French
355,Paige Sanchez
356,Melissa Meza
357,Leslie Myers
358,Matthew Daniel
359,Cassie Barker
360,Richard Davis
361,James Sims
362,Raymond Cherry
363,Zachary Moore
364,Nicholas Hines MD
365,James Turner
366,Dr. Emily Taylor
367,Garrett Smith
368,Brent Ortiz
369,Harold Kelly
370,Doris Martin
371,Rachel Cox
372,John Perez
373,Ashley Stevens
374,Michael Ward
375,Pamela Mcintyre
376,Joshua Berry
377,Marissa Johnson
378,Rodney Garrison
379,Susan Haley
380,William Mills
381,Dustin Ochoa
382,Jennifer Gutierrez
383,Timothy Torres
384,Antonio Pollard
385,Mark Kennedy
386,Maria Berg
387,Taylor Luna
388,Brittany Becker
389,Dennis Williams
390,Joel Gutierrez
391,Carolyn Kaiser
392,Emily Williams
393,James Sanchez
394,Pamela Boyd
395,Thomas David
396,Jason Moses
397,Kari Davis
398,Aaron Mendez
399,Dennis Brown
400,Julie Burton
401,Daniel Coleman
402,Harry Rice
403,Ryan Rodriguez
404,Kenneth Bryant
405,Kevin Martinez
406,Maria Pham DDS
407,Tyrone Parks
408,Mrs. Ellen Woods
409,Susan Cameron
410,Cindy Benson
411,Jennifer Chavez
412,Shannon Everett
413,Kenneth Taylor
414,Nicole Warner
415,Patrick Rosales
416,Jeffrey Thomas
417,Maria Hall
418,Brenda Mcmillan
419,Kathryn Boyd
420,Stephanie Reyes
421,Ashley Duran
422,Stephanie Miller
423,Michael Miller
424,Arthur Meyer
425,Robert Taylor
426,Angel Carrillo
427,Thomas Lopez
428,Yvonne Johnson
429,William Smith
430,Tara Lowery
431,Becky Dalton
432,John Prince
433,Elizabeth Johnson
434,Mandy Anderson
435,Megan Green
436,Stacy Cruz
437,Brittney Schultz
438,Emily Peters
439,Ronald Preston
440,Matthew Carrillo Jr.
441,Jesus Johnson
442,Dalton Holmes
443,Ryan Macias
444,Richard Smith
445,Amy Ross
446,Monique Weber
447,Stephanie Ortiz
448,Angel Scott
449,Sandra Reed
450,Stephen Brown
451,Sophia Pham
452,Clayton Tate MD
453,Amber Duran
454,Albert Lucas
455,Francisco Thompson
456,Kristen Johnson
457,Cory Drake
458,Roy Mccullough
459,Karen Phillips
460,Laura Burns
461,Robert Robles
462,Teresa Contreras
463,Sarah Allen
464,Samuel Munoz
465,Christian Stanley
466,Jeremy Maldonado
467,Mrs. Victoria Walton
468,Mr. Francisco Campbell
469,Brian Miller
470,Joshua Mitchell
471,Tony Atkins
472,Michael Johnson
473,Sandra Lam
474,Kathy Moore
475,Frank Smith
476,Bryce Middleton MD
477,James Torres
478,Jessica Powell
479,Jennifer Huerta
480,James Bridges
481,Jacob Jacobson
482,Steven Aguilar
483,Richard Huffman
484,Margaret Smith
485,Christopher Mcfarland
486,Adam Baker
487,Kristy Baldwin
488,Joseph Mitchell
489,Mrs. Heather Turner
490,Matthew Tucker
491,Eric Medina
492,Christopher Young
493,Keith Mcdaniel
494,Dr. Joseph Clark MD
495,Robert Morris
496,Richard Kim
497,Lori Rios
498,Colin Austin
499,Jill Sanders
