idGuionista,nombre
1,Thomas Waters
2,Robert Ponce
3,Nancy Chang
4,Shelia Dillon
5,Allen Ayers
6,Christopher Henderson
7,Theresa Walker
8,Abigail Edwards
9,Regina Powers
10,Jimmy Cox
11,Autumn Stevens
12,Anthony Peck DVM
13,Mark Walker
14,Jennifer Nguyen
15,Parker Cabrera
16,Jennifer Turner
17,David Duarte
18,Joseph King
19,Rebecca Mendoza
20,Lisa Vasquez
21,Andrew Morris
22,John King
23,Richard Hill
24,Jeffrey Griffin
25,Jason Rogers
26,Michelle Short
27,Danielle Allen
28,Monica Robinson
29,Amanda Branch
30,Jack Jones
31,Rebecca Miller
32,Derek Scott
33,Anthony Hardin
34,Alexander Davis
35,David Schroeder
36,Samuel Jones
37,Zachary Erickson
38,Casey Zimmerman
39,Kristen Cunningham DVM
40,Scott Thomas
41,Jennifer Arias
42,Donald Simpson
43,Stephanie Smith
44,Lisa Simpson
45,Shelby Brown
46,Chelsea Avila
47,Danielle Martinez
48,Joshua Brock
49,Victor Davis
50,Vincent Jones
51,Nicholas Martin
52,Julie Foley
53,Eric Bryant
54,Alexis Miller
55,Debra Campbell
56,Jordan Heath
57,Laura Smith
58,Brandy Pace
59,Ryan White
60,Mario Young
61,Elizabeth Chan
62,Jennifer Sanders
63,Miss Kendra Lee DVM
64,Raymond Douglas
65,Susan Donaldson
66,Lindsey Russell
67,Roberto Reynolds
68,Michael Collins DVM
69,Christopher Young
70,Emily Macdonald
71,Deborah Ray
72,Anne Kelly
73,Patricia Cline
74,Daniel Lynn
75,Ashley Poole
76,Michele Small
77,Sara Herrera
78,John Trujillo
79,Daniel Krause
80,Latoya Brown
81,Kyle Lee
82,Karen Johnson
83,Kara Fisher
84,Ronald Thomas
85,Kimberly Hamilton
86,Cheryl Jones
87,Robert Griffin
88,Rebecca Gaines
89,Danielle Fuentes DDS
90,Frances Knapp
91,Keith Phillips
92,David Smith
93,Michael Chavez
94,Lori Horton
95,Julia Barrera
96,Felicia Hernandez
97,Caitlin Leonard
98,Devin Duncan
99,Catherine Pope
100,Michelle Johnson
101,Anthony Manning
102,Veronica Castillo
103,Amy Jackson
104,Tara Burns
105,Janet Clark
106,Sarah Boyd
107,Michaela Preston
108,Melissa Cervantes
109,Austin Jensen
110,Michael Conner
111,William Vega
112,Jeremiah Paul
113,Mitchell Austin
114,Brett Perez
115,Dylan Woods
116,Charles Williams
117,Blake Brown
118,Michael Lawson
119,Amanda Wallace
120,Kimberly Harvey
121,Jennifer Edwards
122,Christopher Reynolds
123,Michaela Ho
124,Jacob Ho
125,William Baker
126,Edward Mcclure
127,Melissa Murphy
128,Brandi Morris
129,Anthony Bell
130,Antonio Spears
131,Mary Walton
132,Megan Sparks
133,Rebecca Swanson
134,Russell Ibarra
135,Jared White
136,Sarah Gibson
137,Marcus Hall
138,Matthew Wright
139,Robin Nelson
140,Lauren Lawson
141,Stephanie Weiss
142,Tammy Flores
143,Sara Beck
144,Sharon Scott
145,Peter Moore
146,Chase Terry
147,Donald Smith
148,Justin Rios
149,Brenda Powell
150,Kim Mack
151,Justin Elliott
152,Beth Chambers
153,Timothy English
154,Stephanie Huber
155,Garrett Lowery
156,Douglas Smith
157,Ronald Sparks
158,Deborah Rocha
159,Alicia Hayden
160,Reginald Davis
161,Scott Miller
162,Mackenzie Miller
163,Jasmine Harris
164,Amy Estrada
165,Rebecca Tate
166,Scott Morris
167,Scott Cochran
168,Shane Davidson
169,John Jimenez
170,Sean Terry
171,Robert Floyd
172,Allison Sutton
173,Gabriela Perez
174,Terry Powell
175,David Wells
176,Timothy Williams
177,Derek Miller
178,Deborah Hill
179,Emily Wise
180,James Martinez
181,Francisco Henry
182,Michele Martin
183,Becky Stephenson
184,Teresa Gross
185,Latoya Torres MD
186,Melissa Rodriguez
187,Norman Delgado
188,Russell Gonzales
189,Kevin Moore
190,Benjamin Wade
191,David Higgins
192,Bryan Williams
193,Richard Dickerson Jr.
194,Tiffany Ward
195,Luis Price
196,Alexander Craig
197,Shelley Fleming
198,Robert Berg
199,Diane Hobbs
200,William Hahn
201,Sarah Leblanc
202,Carl Hester MD
203,Maria Castillo
204,Andrew White
205,Timothy Ramirez
206,Bryan Orr
207,Joseph Wood
208,Joseph Brown
209,Daniel Richardson
210,Jessica Haynes
211,Nicole Blake
212,Bobby Davis
213,Christopher Garcia
214,David Scott
215,Melissa Hatfield
216,Sally Keller
217,Jeffrey Garza
218,Ann Hansen
219,Katherine Williams
220,Laura Hawkins
221,Vincent Mcclain
222,Amanda Smith
223,Elizabeth Cohen
224,Andrew Barton
225,Christopher Johnson
226,Zachary Leon
227,Matthew Lowe
228,Dr. Alexandra Briggs
229,Erica Mcconnell
230,Lisa Wilson
231,Jose Peterson
232,Jordan Green
233,Rebecca Nichols
234,Nicholas Wheeler
235,Alisha Walsh
236,Valerie Diaz
237,Amy Krause
238,Andrew Ferguson
239,Jeffery Wright
240,Ashley Butler
241,Shawn Huffman
242,Tiffany Lynn
243,Christopher Martin
244,Katherine Burns
245,Hector Duncan
246,Jessica Gonzalez
247,Jason Armstrong
248,Corey Hayes
249,Christopher Meyer
250,Lauren Brown
251,Brittany Thomas
252,Valerie Alvarado
253,Danny Anderson
254,Daniel Frazier
255,Jennifer Moore
256,Zachary Rose
257,Elizabeth Johnson
258,Kelly Williams
259,Travis Martinez Jr.
260,Mary Rogers
261,Anthony Jenkins
262,Mitchell Choi
263,Matthew Ward
264,Dwayne Brown
265,Jeremy Hubbard
266,Sarah Rhodes
267,Heather Baxter
268,Colleen Shah
269,Vincent Jimenez
270,Patricia Bennett
271,William Campbell
272,Rachel Jackson
273,Charles Terry
274,Richard Mccormick
275,Timothy King
276,Michael Brown
277,Mr. Rodney Rogers
278,Brenda Navarro
279,Shannon Allen
280,James Morris
281,Kaylee Gamble
282,Tina Hanna
283,Tammy Perry
284,Richard Robinson
285,Marcia Lewis
286,Gregory Thornton
287,Karl Owen DVM
288,Kevin Villa
289,Heather Reyes
290,Rachel Jenkins
291,Cameron Lutz
292,Brandon Rivera
293,Cynthia Baker
294,Jennifer Fleming
295,Daniel Ross
296,Wesley Carter
297,Barbara Johnson
298,Kimberly Bailey
299,Antonio Miller
300,Kevin Beasley
301,Melissa Martinez
302,Jordan Calderon
303,William Ryan
304,Linda Peterson
305,Ray Shannon
306,Jennifer Stuart
307,Marcus Watts
308,Lori Smith
309,Nathan Davis
310,Robert Garza
311,Shawn Davis
312,Andrew Simon
313,Seth Kelly
314,Victoria Williams
315,Sandra Higgins
316,Julia Harper
317,James Barton
318,Barbara Blackwell
319,Adam Kim
320,Courtney Browning
321,Cindy Levine
322,Michael Perez
323,Travis Kennedy
324,Melinda Young
325,Ryan Peters
326,Matthew Cox
327,Megan Morton
328,Amy Lambert
329,Caitlyn Ortiz
330,Jeremy Harrington III
331,Lynn Calhoun
332,Justin Ross
333,Tristan Shannon
334,Ray Miller
335,Christopher Williams
336,Julia Garcia
337,Melissa Harris
338,Timothy Harrison
339,Steven Parker
340,Megan Foster
341,Scott Hicks
342,Kathryn Gray
343,Diane Huff
344,Linda Rios
345,Kimberly Crawford
346,Preston Herrera
347,Theresa Harris
348,Candice Reeves
349,David Rogers
350,Joseph James
351,Sandra Conrad
352,James Walker
353,Victor Phillips
354,Roberto Brown Jr.
355,Heather Hill
356,Natalie Hayden
357,Judy Gross
358,Paul Campbell
359,Austin Hall
360,Francisco Mccoy
361,Sarah Clark
362,Andrea Potts
363,James Gutierrez
364,Crystal Calhoun
365,Jose Jordan
366,Anna Grant
367,Kevin Smith MD
368,Aaron Avila
369,Lori Bernard
370,Alyssa Garcia
371,Pamela Perry
372,Nancy Huff
373,Rodney Wong
374,Laura Johnson
375,Lindsey Hebert
376,Holly Lynch
377,Madison Reilly
378,Anthony Benson
379,Suzanne Newman
380,Robert Perez
381,Nicole Kane
382,Matthew Alvarez
383,Debra Larson
384,Rachel Melton
385,Steven Weaver
386,Karla Taylor
387,Brandon Smith
388,Patricia Knight
389,Michael Fletcher
390,Benjamin Fischer
391,Lacey Henderson
392,Taylor Flores
393,Anthony Jones
394,John Miller
395,Mrs. Virginia Mcintyre
396,Connie Taylor
397,Steven Jackson
398,Rachel Zimmerman
399,Vincent Moore
400,Stephanie Blackwell
401,Logan Richard
402,Rita Johnson
403,Kathleen Scott
404,Linda Anderson
405,Anthony Taylor
406,Carrie Simpson
407,Taylor Green
408,Nicholas Butler
409,Megan Charles
410,Michael Golden
411,Valerie Chambers
412,Hannah Burnett
413,Jill Harrington
414,Kristen Harrison
415,Michelle Arnold
416,Robert Floyd
417,Taylor Roth
418,Susan Ford
419,William Duffy
420,Curtis Graves
421,Mariah Harmon
422,Miss Autumn Phillips
423,Jon Hill
424,Jose Moses
425,Alicia Gonzalez
426,Michael Hernandez
427,Jill Rodriguez
428,Jeffrey Owens
429,Donald Frey
430,Rebecca Anderson
431,Jamie Park
432,Susan English
433,Krista Jackson
434,Kylie Dominguez
435,Victor Arnold
436,Russell Williams
437,Zachary Hill
438,Donna Rivera
439,Troy Robertson
440,Emily Marquez
441,Kathleen Rodriguez
442,Dylan Bell
443,Jeffrey Hull
444,Taylor Leblanc
445,Austin Casey
446,Tanner Jones
447,Alexander Underwood
448,Mary Frederick
449,Danielle King
450,Robin Powell
451,Jessica Dillon
452,Matthew Spencer
453,Mark Gill
454,Thomas Johnson
455,Jeffrey Liu
456,Daniel Richardson
457,Donna Phelps
458,Brenda Garner
459,Dustin Thomas
460,Amy Reyes PhD
461,Daniel Smith
462,Larry Pena
463,Christine Harrison
464,Kyle Moreno
465,Joshua Wilson
466,Brandon Hernandez
467,Anne White
468,Lisa Harvey
469,Alex Jackson
470,Ronald Wright
471,Morgan Sanders
472,Brian Reyes
473,Tina Wilson
474,Vicki Sanchez
475,Andrea Coleman
476,Joshua Wade
477,Angela Gutierrez
478,Daniel Carpenter
479,Karina White
480,Vincent Jackson
481,Walter Petersen
482,Jennifer Garcia
483,Anna Hill
484,Evan Anderson
485,Crystal Pugh
486,Kyle Blake
487,Stephanie Carlson
488,Mckenzie Ortiz
489,Peter Mclean
490,Christine Johns
491,Barbara Vasquez
492,Martin Wilson
493,Mark Brown
494,Michelle Hayes
495,David Young MD
496,Yolanda Reed
497,Cheryl Holden
498,Robert Snyder
499,Erin Daniel
