idPelicula,titulo,anio
1,Happen however have.,1983
2,Particular trade end organization.,1990
3,Help officer bill foreign.,2001
4,Give ask.,2006
5,Democratic might message.,1991
6,Eye I.,1998
7,Network course indicate.,2007
8,Major site.,2013
9,Here Republican.,1985
10,Beautiful.,1991
11,Continue might ten.,2003
12,Foot company.,2012
13,Final economy pattern.,1980
14,Example leave.,1988
15,Whom read region.,2019
16,Data.,1998
17,Bag no address.,2014
18,Care that base.,1988
19,Her including woman.,1980
20,Story themselves describe.,1982
21,Become national dog.,1982
22,Bank art cover.,2009
23,Fire sister.,1994
24,Best assume.,1981
25,Anything plant.,1990
26,Head upon thus on.,2005
27,Science successful think.,1995
28,Authority prevent.,2015
29,Dark memory.,1988
30,Imagine begin.,2015
31,Decide feeling public.,2007
32,Not try place.,1983
33,Respond current.,1990
34,Best north.,2018
35,Common.,2013
36,Teach major.,1992
37,Thus Mr paper radio.,1994
38,Series however.,2015
39,Too blue pull note.,1997
40,Image unit per.,2001
41,Wonder loss.,1982
42,System.,1990
43,Democratic my fund.,1983
44,Top day.,2020
45,Rest probably.,2022
46,Community simple table.,1984
47,Big.,1991
48,Improve stage for.,2002
49,Ground card.,1986
50,Movement travel itself.,1995
51,Ago within per she.,2016
52,Take special recently.,1987
53,Line.,1993
54,Between say.,2015
55,Collection piece.,2002
56,Score say night.,1991
57,Strong ground.,1980
58,Difficult example.,2010
59,Approach modern.,1990
60,Trial debate.,2017
61,Education safe.,2020
62,Happy.,1999
63,Ahead war hold.,2004
64,Kind condition ten.,1997
65,Claim last.,2008
66,Similar result.,1993
67,Mouth all.,2009
68,Drive involve across.,2004
69,Off remain.,1995
70,After race question.,1994
71,Your TV.,1985
72,Happen option keep.,2002
73,Return us player.,1996
74,Maintain hold participant.,1990
75,Wish minute lot.,1997
76,Much behavior.,2008
77,Care president.,1993
78,Bed baby tough.,2004
79,Record while true.,2003
80,Hotel show.,1999
81,Follow understand big.,1995
82,Very wear ahead else.,1989
83,Of dream.,1987
84,Color score.,2009
85,Eye leg order.,1985
86,Because arm culture.,2014
87,Media wind.,2011
88,Must.,2006
89,Friend study.,1993
90,Walk century.,2023
91,Which.,1992
92,Street grow.,2010
93,Produce under.,2015
94,Relationship cause health.,1989
95,Stock live.,1988
96,About stuff front.,2003
97,Bad positive southern.,2008
98,A bad far.,2001
99,Ready.,2023
100,Media seat receive.,2002
101,Ahead expert.,2001
102,Growth interest better one.,2013
103,Wish shoulder page.,2009
104,Have foot example.,2017
105,Consider.,2019
106,Right own.,1997
107,Politics sign represent little.,2014
108,Condition describe debate.,1992
109,Stock member entire far.,2002
110,Ahead himself network.,1981
111,Successful part than.,1988
112,Glass result.,2000
113,Difference hope likely.,2002
114,Nature debate board.,1999
115,Letter on.,2016
116,General range answer.,2002
117,Get big reality.,1998
118,Under operation form.,1987
119,Need assume.,1990
120,Evening my late.,2000
121,North perhaps.,2019
122,Night.,2010
123,Future seven.,2010
124,Morning say head.,1981
125,Item and.,1990
126,Pattern single chance.,2003
127,Suddenly economic full.,1993
128,Best many sport.,2005
129,Actually indeed sound.,2017
130,Nice institution need.,1997
131,Somebody nor PM.,2023
132,Player tell organization.,1992
133,Buy say.,2022
134,In clear.,1980
135,Contain stop student.,1993
136,Stage move.,2009
137,Game which.,2014
138,Specific while condition.,1989
139,Left friend major.,1991
140,During approach car.,1991
141,Such behavior.,2020
142,Than our.,1997
143,Mother.,1997
144,Senior senior and.,2007
145,Miss want.,1994
146,Cup return.,2022
147,Case ten source.,1999
148,Today thank south.,2004
149,Child.,1983
150,Develop again pressure.,1989
151,Response.,2022
152,Need act little.,2014
153,Hour future.,1985
154,Even push institution than.,2004
155,Music low where.,1982
156,Add administration example name.,2018
157,There wish.,2005
158,Go debate foreign.,2011
159,Hard news.,2020
160,Call their.,2003
161,Wait force house.,2024
162,Reflect cause face myself.,1997
163,Sing fund.,1982
164,Lay newspaper choose.,1999
165,Without lawyer international.,1998
166,If boy me fast.,2021
167,Thus century top.,2002
168,Somebody challenge air think.,1982
169,Computer need responsibility.,2003
170,Level news special.,1983
171,Well water.,2002
172,Body himself.,1996
173,Parent line great.,2012
174,Seek research.,2004
175,Order per.,1994
176,Than race machine.,2017
177,Brother agreement I.,1996
178,Life sort.,1990
179,Care class side.,2020
180,Safe stay back.,1981
181,Brother generation coach.,2014
182,Hard create assume idea.,2009
183,Civil kind.,2003
184,Work movie.,2011
185,Fill one.,2004
186,Everything fact against.,2016
187,Language stop force return.,1996
188,Pick loss reach.,2005
189,Ground bad.,1995
190,Fear affect provide.,2016
191,Stuff owner power past.,2008
192,Send nature.,2001
193,Form fear.,2000
194,Yard second.,2021
195,Red no.,2022
196,Manager energy matter.,1989
197,Focus if add.,1991
198,Type toward series economy.,2014
199,Note team.,1984
200,Then forget in.,2008
201,Actually reveal.,1984
202,Medical whom resource evening.,1982
203,Receive material.,2018
204,Usually soldier.,2023
205,Always fight role.,1992
206,Six behavior mention.,1996
207,Hospital put mother body.,1997
208,Play poor.,2024
209,Defense attention main.,1994
210,State possible politics.,1987
211,Ahead beat often.,1983
212,Increase over.,2022
213,Natural region.,1986
214,Indicate development.,2023
215,Finally more.,1997
216,Follow player wrong.,2006
217,Whole pretty.,2018
218,Buy production.,1996
219,Draw military operation.,2009
220,City whether treat.,2005
221,Spend think.,1992
222,Somebody parent.,2011
223,Throw leave.,1985
224,None others.,2012
225,Here watch even.,2019
226,Operation finish.,1996
227,Certain author.,2013
228,My help.,2001
229,Of trial.,1995
230,Go PM community.,1987
231,Deal different author.,1982
232,Across college.,2014
233,Difficult effort.,2007
234,Dark.,1982
235,Travel recent.,1996
236,Miss wish pull.,1989
237,Race century.,2003
238,Spend eat.,2007
239,Break half a.,1992
240,Involve garden very.,1986
241,Health a drive.,1986
242,Ball more.,1999
243,Finally late.,1988
244,Dinner your.,1980
245,Until act.,2000
246,Land stay.,1993
247,Significant contain glass.,1991
248,Industry increase race.,1998
249,Positive discussion.,1995
250,Better staff.,2020
251,None themselves certainly.,2005
252,Adult no or.,1985
253,Lot born face.,1987
254,Per force true.,1984
255,Finally and pretty.,2005
256,Piece difference.,2006
257,Out or.,2005
258,Exist never.,2022
259,Push person.,2003
260,Film full.,2010
261,Skin pretty.,1996
262,Bag every effort.,1980
263,Real first last.,2013
264,Ok cause ball.,2011
265,Visit begin.,2011
266,Chance worry.,2018
267,Perform build sea.,2015
268,Often.,2011
269,Yard natural.,2018
270,Modern floor.,1986
271,Soon themselves.,1993
272,Draw another.,2023
273,But visit guy.,1991
274,Sure best east.,2005
275,Between drive really likely.,1993
276,Best walk.,2023
277,Home fire people.,1991
278,Drop to three.,2003
279,Drop.,1995
280,Ten third.,2008
281,Born office teach none.,2009
282,Event price.,1991
283,View majority.,1985
284,Wait above ball.,1980
285,Inside view remain.,1991
286,Much attention.,1990
287,Shake difficult glass.,1990
288,Score safe student.,2011
289,Yeah without.,1987
290,Most.,2023
291,Lay dog.,1994
292,Fill performance pay.,2005
293,Center every.,2000
294,Here writer director.,2016
295,Seem democratic.,2001
296,Would woman.,1991
297,Door nature.,2011
298,Lose coach.,2023
299,Enjoy no.,2008
300,Begin drive.,1988
301,Ability avoid interesting.,1981
302,Politics fight.,2004
303,Paper more international candidate.,2012
304,Thought successful visit.,2018
305,Through pretty need.,2002
306,Statement alone unit.,2007
307,Hear rather.,2010
308,Over site.,1998
309,Money traditional save.,1992
310,Information case.,2024
311,Foreign leader civil.,2010
312,Star successful theory.,1984
313,Us church.,1999
314,Participant health.,1987
315,Run bit tax.,2013
316,Sense set believe.,2013
317,Create land.,1985
318,Condition art environmental.,2010
319,Land pressure.,2000
320,Project better.,1993
321,Certain any ready.,2011
322,Character simple conference month.,2011
323,Cover occur mission.,2004
324,Sit result direction.,2003
325,Majority doctor role.,2014
326,Want set race.,2006
327,Middle never.,1993
328,Often summer attorney.,2001
329,Response term security.,1999
330,Able toward rich.,1991
331,Majority mention.,1988
332,But.,1993
333,Make present describe.,2022
334,Development add.,2008
335,Movie machine.,1986
336,Third Republican purpose.,1980
337,Easy through.,2018
338,Different week interview.,2017
339,Community at.,2005
340,Compare for into.,2011
341,View prove.,2010
342,Happen.,2000
343,West whole so.,2016
344,Guess front another.,1985
345,Music decide sport audience.,2006
346,Lawyer knowledge.,2000
347,May voice around.,2022
348,Can agree raise.,2008
349,Tend arm speak.,2024
350,Rule per stand require.,2003
351,Great let role.,2004
352,Spend talk toward.,2006
353,Just itself.,2014
354,Adult sound federal.,2021
355,May case.,1984
356,Call long.,1998
357,Reason society scene.,1980
358,Your represent her.,1985
359,Eight probably career.,2000
360,Nothing design else.,1981
361,Scientist gun.,1985
362,View find explain.,2019
363,Defense nice firm.,2009
364,Sometimes executive especially.,2003
365,Authority they.,2021
366,Know alone ago.,1983
367,Ready.,1982
368,Will choice.,2013
369,Simple choose per.,2016
370,Statement soon.,1995
371,Church keep part.,2021
372,Several threat act computer.,1980
373,Author lawyer color.,2022
374,Argue piece.,2019
375,Issue word.,2004
376,Decade if stop.,2016
377,Media everything.,1982
378,Range letter since international.,2006
379,Go him.,1984
380,Budget.,2009
381,Service plan.,2004
382,Budget federal mention.,1993
383,Wind visit white.,2001
384,Half poor especially.,2014
385,State heart finish.,2009
386,Watch discussion national.,2012
387,Happy phone seek.,2007
388,Its peace.,2014
389,Exactly mean.,2009
390,Impact listen.,1995
391,Raise must reality.,1990
392,Them kitchen common.,1992
393,Actually benefit.,2001
394,Them civil.,1998
395,Factor attorney view.,2001
396,Energy late.,1997
397,Without letter.,1984
398,Current.,2008
399,In hand move.,1982
400,Their return.,1989
401,Financial open similar.,2006
402,Section structure.,2008
403,Once cost.,1992
404,See policy happen.,2006
405,Question follow television.,2002
406,Radio up.,2022
407,Back recently purpose.,2020
408,Travel although politics health.,2010
409,Among per guess.,2011
410,Card order as.,2024
411,Idea number time.,1986
412,With less investment.,2015
413,Spend pull.,1992
414,Government west.,1980
415,Official also.,2022
416,Plan kid.,2000
417,Safe live learn.,2019
418,Ago morning price.,2010
419,Station next.,2014
420,Minute amount billion top.,2006
421,Now else.,2004
422,Environmental high myself.,2012
423,Work director red.,2005
424,Fly trade determine.,1990
425,Onto feel for career.,1981
426,Physical give career nor.,2010
427,Social represent.,1986
428,Camera prepare trade.,1997
429,Discuss quality.,1996
430,Perhaps blue water.,1993
431,Its specific.,1981
432,Indeed sit have.,2007
433,Call he.,1989
434,Nor truth.,2009
435,Nation every.,2000
436,Yes war.,2018
437,Exactly.,1990
438,Entire former.,1999
439,Hundred building animal.,2010
440,Color return.,2014
441,Technology work.,1993
442,Here feeling green.,2016
443,Still happen style.,2018
444,Garden couple.,2005
445,Soldier traditional.,2023
446,Mother sport first.,1997
447,Rise car south.,1994
448,Toward wrong church.,1991
449,Approach paper.,2007
450,Television try occur near.,1980
451,Ago whatever.,1993
452,Draw price agent.,1990
453,Son project.,2014
454,From house pattern.,1999
455,Morning throw type.,1990
456,Politics.,2006
457,Movement wish play.,2007
458,Who.,2010
459,Natural.,1989
460,Hair raise.,1993
461,Police thought different.,1991
462,Social finally.,2001
463,Type plan capital.,1997
464,Why trial civil.,1987
465,Probably expert particularly.,2004
466,Water theory.,1981
467,Close claim thousand.,1990
468,Result world different.,1989
469,Expect each.,2023
470,Agency country.,1985
471,Ground more administration.,1982
472,Dog glass carry.,1989
473,Save give.,2007
474,Congress minute.,2015
475,Force hear yet.,1994
476,Foreign thus consumer.,1983
477,Knowledge generation.,2015
478,Past involve.,2005
479,Sometimes while.,1993
480,Camera though meet.,1984
481,Kitchen first.,2003
482,Even research already.,1983
483,Health reason.,1986
484,Marriage.,2007
485,Fight ever.,1989
486,Window somebody.,2012
487,Goal wife.,2015
488,Democratic in.,2023
489,Doctor between choose.,2016
490,Institution property focus.,2021
491,Understand house.,1986
492,Reach keep point deep.,1990
493,Girl response summer them.,1986
494,Turn head security.,2017
495,Show important coach school.,1990
496,Concern.,1999
497,Group finish enjoy cut.,1982
498,Space.,1999
499,Visit.,2006
