idPersonaje,nombre,identidadHumana
1,Candice,
2,Stephanie,
3,Emily,Larry
4,Clarence,
5,Christopher,Jason
6,Ashley,
7,Natalie,Megan
8,Michael,Robin
9,Rachel,
10,Christopher,
11,Jeffrey,Angela
12,John,
13,Leah,Angela
14,Jared,Meagan
15,Jennifer,Timothy
16,Lori,Kelly
17,Kelly,
18,Nicole,William
19,Christopher,Jessica
20,Michael,
21,Ricky,
22,Sherry,
23,Dustin,James
24,Stacy,
25,Scott,Adam
26,Cheryl,
27,Monique,
28,Dawn,Deborah
29,John,Kara
30,Valerie,
31,Tiffany,Paul
32,Michael,Micheal
33,Daniel,
34,Matthew,
35,Lori,
36,Christine,Meredith
37,Holly,Jeffrey
38,Lauren,Caleb
39,Frank,
40,Nicole,Anita
41,Richard,Tracey
42,Nicole,Jonathan
43,Scott,
44,Kendra,Jacob
45,Kelly,
46,Melinda,
47,James,
48,Daniel,
49,Jose,
50,Ernest,
51,Andrea,
52,Paige,Daniel
53,Devin,
54,Christian,Cindy
55,Shannon,Destiny
56,Dylan,Tammy
57,Kimberly,
58,Raymond,
59,Amber,Glenn
60,Philip,David
61,Daniel,Aaron
62,Kim,
63,Carlos,
64,Kayla,Andrew
65,Jared,Brandon
66,Peter,Kristen
67,Sarah,
68,Rachel,Brian
69,Karen,James
70,Susan,
71,Brenda,
72,Julie,Cameron
73,Elizabeth,William
74,Richard,
75,Pamela,Omar
76,Mary,
77,Jacob,Eugene
78,Lindsay,
79,Maureen,Brenda
80,Joel,
81,Jeffery,Matthew
82,Betty,Deborah
83,Jose,Curtis
84,David,
85,Harold,Brandon
86,Kevin,
87,Tina,
88,Crystal,
89,Brenda,Dylan
90,Katrina,Christopher
91,Joseph,
92,Mary,Kelly
93,Kristin,Barry
94,Michael,Christine
95,Brett,
96,Jose,
97,Hayley,
98,Anthony,
99,Nicholas,
100,Brooke,Morgan
101,Michael,April
102,Colleen,Diana
103,Pamela,Lindsay
104,Emily,
105,Craig,
106,Robin,Eric
107,Daniel,
108,Lauren,
109,Maria,Kimberly
110,Richard,Samantha
111,Cassidy,
112,Catherine,Ryan
113,Sarah,
114,Timothy,Peter
115,Todd,Christopher
116,Christopher,Jose
117,Lawrence,Heather
118,Rebecca,Shawn
119,Janet,
120,Lucas,
121,Alicia,
122,Christopher,
123,Isaiah,
124,John,Mark
125,Amanda,
126,Stephanie,David
127,Adam,
128,Brandy,
129,Samantha,
130,Debra,
131,Paul,
132,Robert,Kyle
133,Jesse,John
134,Dorothy,
135,Deborah,
136,Billy,
137,Lance,
138,Cheryl,
139,Diana,Peter
140,Isaac,Benjamin
141,Elizabeth,James
142,Elizabeth,
143,Jennifer,Jacob
144,Jennifer,
145,Sharon,
146,Bradley,
147,Amber,
148,Dorothy,
149,Erik,
150,Anthony,Thomas
151,Kristin,Bryan
152,Benjamin,
153,Peter,Heather
154,Gwendolyn,
155,Adrian,
156,Dawn,Ashley
157,Beverly,Sandra
158,David,Holly
159,Wesley,
160,Stacey,Daniel
161,Renee,Erin
162,Sheryl,Nathan
163,Gina,
164,Jason,
165,Henry,Lauren
166,Joe,
167,David,George
168,Noah,
169,Anthony,
170,Lisa,Ryan
171,Amy,Laurie
172,Jacob,
173,Samantha,
174,Bryan,Sara
175,Gary,
176,Aaron,Ariana
177,James,
178,Ricky,Cynthia
179,Andrea,Richard
180,Robin,
181,Russell,
182,Daniel,
183,Gary,Daniel
184,Ryan,Jesse
185,Benjamin,
186,Carl,
187,Lauren,
188,Robert,
189,Randall,
190,Stephen,
191,Edgar,
192,Kyle,Charles
193,Christopher,
194,Bruce,
195,Morgan,Michelle
196,Leslie,David
197,Anna,
198,Joshua,
199,Vincent,Molly
200,Justin,
201,Savannah,Lisa
202,Kyle,
203,Courtney,William
204,Antonio,
205,Sonya,
206,Carly,Brandon
207,Samuel,
208,Justin,
209,Felicia,Alexander
210,Kirk,William
211,Troy,
212,Courtney,Kelly
213,Samantha,
214,John,Melissa
215,Megan,James
216,Jennifer,Brianna
217,Kelsey,Donald
218,Brooke,Sarah
219,Sarah,
220,Felicia,Dana
221,Michael,Cynthia
222,John,
223,Brandy,
224,Christine,
225,Brian,
226,David,Ellen
227,Elizabeth,
228,April,
229,Michael,Heather
230,Misty,Chelsea
231,Betty,Ryan
232,Natalie,
233,Mary,Lisa
234,Michael,
235,Brian,
236,Michael,Melissa
237,Brenda,
238,Grace,
239,Veronica,Tracy
240,Sarah,
241,Melissa,
242,Jennifer,
243,Logan,Tara
244,Daniel,
245,Erica,Gabriel
246,Ryan,
247,Donna,Mary
248,Karen,Judy
249,Jasmin,Rebecca
250,Meredith,
251,Alexandra,Julie
252,Lynn,
253,Donna,Tammy
254,Kelly,
255,Audrey,Joseph
256,Michelle,
257,Yvonne,James
258,Tiffany,Holly
259,Joel,
260,Brad,
261,Christopher,
262,Cody,
263,Vanessa,
264,Daniel,
265,Kyle,Phillip
266,Elizabeth,James
267,Mackenzie,Rebecca
268,Laura,
269,Michael,Vincent
270,Joshua,Brittany
271,Kevin,Michele
272,Claire,
273,Douglas,Tom
274,Benjamin,Monica
275,Billy,Ashley
276,Jose,Courtney
277,Robert,
278,Donna,Sandy
279,Dawn,
280,Elizabeth,Eric
281,Destiny,Sheila
282,Laura,
283,Renee,
284,Brittany,
285,Christina,Eric
286,Michael,Alexander
287,Alicia,
288,Robert,
289,Jacob,
290,Leonard,
291,Samantha,
292,Elizabeth,Ryan
293,Troy,Steven
294,Daniel,
295,Julie,Janet
296,Jake,
297,Charles,Marissa
298,Thomas,Jose
299,Elizabeth,Caleb
300,Michael,Ashley
301,Alexis,
302,Teresa,Charles
303,Vicki,
304,Sarah,
305,Christopher,Jean
306,Sean,Daniel
307,Thomas,Lee
308,Anthony,
309,Larry,
310,Wanda,Duane
311,Deanna,
312,Joseph,
313,Joseph,
314,Jonathon,
315,Robert,
316,Terri,
317,Michael,
318,Katherine,
319,Joshua,
320,Maria,Joseph
321,Joseph,Daniel
322,Brooke,
323,William,Michael
324,Audrey,
325,David,Carol
326,Jacqueline,Albert
327,Jessica,
328,Erika,Patrick
329,Gregory,
330,Ricardo,Patricia
331,Joshua,Priscilla
332,Carolyn,Tracy
333,Teresa,Alyssa
334,Gary,Julie
335,Kari,Elizabeth
336,Christian,
337,Steven,James
338,Nancy,Jeremy
339,Kevin,
340,Mary,
341,Earl,
342,Jonathan,Gabrielle
343,Robert,
344,Brittany,Johnny
345,Angela,
346,Mark,Linda
347,Valerie,
348,Blake,
349,Sharon,
350,Brian,
351,Jason,
352,Nathan,Jesse
353,Victoria,Catherine
354,Harry,Dorothy
355,Tammy,
356,Jerry,
357,Peggy,
358,Amanda,Charles
359,Rebecca,Bailey
360,Ronald,
361,Dustin,
362,Randall,Phillip
363,Jodi,
364,Vincent,
365,Jennifer,Cheryl
366,Jorge,Cynthia
367,Robin,Joshua
368,Zoe,Joy
369,Jessica,
370,Amanda,Deborah
371,Garrett,
372,Diana,Alexis
373,Ashley,
374,Lisa,Michael
375,Shawn,Daniel
376,Karen,Sheila
377,Megan,Laura
378,Gregory,Joshua
379,Jose,Jason
380,Jeremy,Mary
381,Nancy,Kristin
382,Robin,
383,Shannon,
384,Christopher,
385,Jennifer,Kristen
386,Kaitlyn,Nichole
387,Richard,Holly
388,Toni,Monica
389,Elizabeth,Katie
390,Robert,Deborah
391,Teresa,Amy
392,Karen,Brittany
393,Robert,Patrick
394,Bradley,Bryan
395,Ryan,
396,Michael,Steven
397,Trevor,Amanda
398,Joseph,
399,Elizabeth,
400,Tina,
401,Carolyn,Kimberly
402,David,
403,Kevin,Troy
404,Darlene,Juan
405,Caitlin,
406,Patrick,
407,David,
408,John,
409,Larry,Bryan
410,Levi,Sara
411,Mark,Eric
412,James,Christopher
413,Jennifer,
414,Jill,Carl
415,Sandra,
416,Pamela,Amanda
417,Michele,
418,Joseph,Rebecca
419,Robert,
420,Samuel,Theresa
421,Christopher,Albert
422,Lisa,Sarah
423,Chelsea,
424,Gary,
425,Kathryn,Christopher
426,Daniel,Erica
427,Lisa,John
428,Brian,Sheri
429,Monique,Melissa
430,Jennifer,
431,David,April
432,Benjamin,Jennifer
433,Erika,
434,Kimberly,Jared
435,Jerry,Angela
436,Devon,
437,Rebecca,
438,Justin,Michael
439,Jennifer,Linda
440,Rebecca,Brad
441,Melissa,Diana
442,Joseph,Jennifer
443,Kendra,
444,Michael,Gabrielle
445,Heather,Andrew
446,Susan,
447,Erika,
448,Jennifer,David
449,Laura,Daniel
450,Bridget,
451,Ashley,Nicholas
452,Max,Brenda
453,Amber,
454,Tara,
455,Jade,Mary
456,Miguel,
457,Danielle,
458,Deborah,
459,Kevin,Natalie
460,Elizabeth,Jennifer
461,Carol,Scott
462,James,Melissa
463,Megan,Gregory
464,Cory,
465,Emma,
466,Stephanie,Kimberly
467,Michael,Bradley
468,Sherri,
469,Christopher,
470,Ryan,James
471,Alexa,
472,Bryan,
473,Anthony,Justin
474,Thomas,Carly
475,Nicholas,Destiny
476,Carrie,
477,Mark,
478,Carol,
479,Steve,
480,William,
481,Jordan,Rebecca
482,Joshua,Scott
483,Jacqueline,Heather
484,Catherine,Derek
485,Charles,
486,Elizabeth,
487,Bobby,
488,James,Ashley
489,Jason,Katherine
490,Joel,
491,Christine,Danielle
492,John,Jennifer
493,Donald,
494,David,Brandon
495,Ian,Samantha
496,Taylor,
497,Christopher,
498,Sergio,Anthony
499,Caitlyn,Michael
500,Jeffrey,Daniel
501,Karen,Kyle
502,Nancy,Kenneth
503,Lori,
504,Christopher,Stephanie
505,Wendy,Michael
506,Robert,Rebekah
507,Daniel,
508,Julie,Anthony
509,Tiffany,Jonathan
510,Kiara,
511,Seth,Robert
512,Thomas,
513,Lucas,
514,James,
515,Edward,
516,Jennifer,
517,Ronald,
518,Holly,
519,Emily,
520,Charles,
521,Amy,Lisa
522,Julie,
523,Adam,Danielle
524,Nicholas,
525,Jacob,Grace
526,Wayne,Debra
527,Erik,
528,Tammy,
529,Kimberly,Kayla
530,Kyle,Curtis
531,Kevin,
532,Annette,Keith
533,Isabel,Kimberly
534,Anne,Debbie
535,Laura,Jose
536,Morgan,Brenda
537,Crystal,Shannon
538,Jennifer,Joseph
539,Douglas,Amanda
540,Lauren,Victor
541,Robert,
542,Brian,
543,Matthew,Derek
544,Steven,Jennifer
545,Whitney,Jonathan
546,James,
547,Mark,
548,Jessica,
549,Donna,
550,Austin,
551,David,
552,Robert,Austin
553,Stacey,
554,Mary,
555,Robert,Meghan
556,Stephen,Jeffrey
557,Christopher,
558,Julie,Kayla
559,Chelsea,Stephanie
560,Robert,Krystal
561,Eric,Nicole
562,Steven,
563,Robert,
564,Amy,Nicole
565,David,Kenneth
566,Sharon,
567,Mark,Kyle
568,Jonathan,Allen
569,Breanna,Jasmine
570,Jenna,Linda
571,Linda,
572,Michael,
573,Raymond,
574,Kathy,Katie
575,Maria,Lori
576,Amanda,Leslie
577,Brian,Timothy
578,Daniel,Dwayne
579,Brian,Terri
580,Tina,
581,Michael,Kimberly
582,Jason,Oscar
583,Leslie,Eduardo
584,Gabriel,
585,Lynn,Brian
586,Adrian,
587,Kathleen,James
588,Nicole,
589,Matthew,
590,Virginia,Amber
591,Misty,
592,Carol,
593,Ronald,Stephen
594,Nicole,William
595,Wanda,Kevin
596,Thomas,James
597,Douglas,
598,Joel,
599,Erica,Margaret
600,Daniel,Diana
601,Misty,
602,Jeffrey,Brandon
603,Cody,
604,Teresa,
605,Erica,James
606,Victoria,Wendy
607,Ashley,
608,Laura,
609,Shawn,
610,Sean,
611,Nicole,
612,Haley,Jesse
613,Cheryl,
614,Kayla,Allison
615,Daniel,Virginia
616,Laurie,Jason
617,Chad,Laura
618,Shannon,
619,Angela,
620,Chris,Richard
621,Charlene,Daniel
622,Keith,Matthew
623,Anthony,
624,Mary,Bradley
625,Robert,Alexander
626,Amanda,Michael
627,Michael,
628,Vincent,Ann
629,Kayla,
630,Manuel,
631,Drew,Richard
632,Michael,
633,Dustin,
634,Tara,
635,Robert,
636,Sandy,Anna
637,Ryan,Anne
638,Stephanie,Carla
639,Austin,Jillian
640,Lori,
641,Jon,Andrew
642,Donna,Michael
643,David,
644,Marie,
645,Karla,William
646,Rhonda,Julian
647,Mallory,Cory
648,Justin,
649,Erin,
650,Jose,Christopher
651,April,
652,Isaac,Rhonda
653,Andrea,April
654,Susan,Frank
655,Jeremy,Amanda
656,Marissa,Jacob
657,Julie,Kelly
658,Sheena,
659,Noah,
660,Andrew,Brandon
661,Lisa,Jasmine
662,Jeff,
663,Corey,
664,Kenneth,Jenna
665,Robert,Justin
666,Allison,Kendra
667,Donald,
668,Nicole,Alisha
669,Charles,
670,Sally,
671,Joseph,Rachel
672,Jacqueline,
673,Aaron,Todd
674,Chad,Cory
675,Pamela,Nathaniel
676,Susan,
677,Jeffrey,
678,Jason,Scott
679,Vickie,
680,Cesar,Latoya
681,Alexis,
682,Emily,Tammy
683,Victoria,
684,Adrienne,Juan
685,Sally,
686,Russell,
687,Lauren,Holly
688,Christian,
689,Diana,Richard
690,Randall,Christopher
691,Jacqueline,Christopher
692,Tyler,
693,Amy,Amanda
694,Diane,
695,Taylor,Richard
696,Joseph,
697,Lori,
698,Robyn,
699,Taylor,
700,Cody,
701,Christopher,Mark
702,Tiffany,Drew
703,Sarah,Sherry
704,Susan,Brittany
705,Donald,Heather
706,Chad,
707,Thomas,
708,Debra,
709,Lisa,Stacey
710,Richard,Tyler
711,Alan,
712,Nichole,
713,Gail,
714,Robert,Brianna
715,Patricia,
716,Diane,David
717,Lisa,Donald
718,Linda,Charles
719,John,
720,Rodney,David
721,Eileen,
722,Latoya,
723,Lisa,
724,Lisa,Jack
725,Audrey,Theodore
726,Vincent,Richard
727,Timothy,James
728,Brian,Jesse
729,Lindsey,Stephanie
730,Susan,
731,Christine,Ashley
732,Mary,Joseph
733,Lawrence,
734,Mark,
735,Blake,Dylan
736,Shannon,
737,Erica,Daniel
738,Rebecca,Nicole
739,Nancy,
740,Jennifer,
741,Rickey,Debra
742,Taylor,Andrew
743,Kristin,
744,Mary,Brian
745,Tammy,
746,Kathryn,Mary
747,Sharon,Gary
748,Karen,
749,Norma,Carrie
750,Nicole,
751,Jessica,Susan
752,James,
753,Wyatt,Karina
754,Samuel,Adam
755,Peter,Melissa
756,Jesse,
757,Leslie,Krista
758,Eric,
759,Keith,Tamara
760,Jorge,Erin
761,Christopher,
762,Jill,
763,Robin,
764,James,
765,David,Brian
766,Joseph,Elizabeth
767,Shelly,Amanda
768,Michael,
769,Pamela,
770,Julia,
771,Ryan,
772,Amanda,
773,Laura,Adam
774,Janice,Richard
775,Amanda,Kimberly
776,Kyle,
777,Donald,
778,Jonathan,
779,Brittany,Kelli
780,Crystal,
781,Mariah,
782,Christopher,
783,Ryan,
784,Gary,
785,Nancy,
786,Robert,Eric
787,Christian,
788,William,
789,Susan,
790,Lucas,Logan
791,Joshua,
792,Richard,
793,Erica,
794,Thomas,John
795,Jodi,Caleb
796,Jonathan,
797,Anita,Wesley
798,Meghan,Christopher
799,Tyler,Megan
800,Melissa,
801,Charles,Mary
802,Margaret,Evelyn
803,Jennifer,Cameron
804,Tammie,
805,Jo,Jonathon
806,Cassandra,
807,Michael,Sarah
808,Jessica,Kenneth
809,Timothy,
810,Evelyn,Linda
811,Benjamin,
812,Jennifer,Natalie
813,John,Robin
814,Aaron,
815,Susan,Peter
816,Katelyn,
817,Amanda,
818,Shirley,
819,Karen,
820,Brian,
821,Michael,
822,Vincent,Jacob
823,Kathleen,
824,Ronnie,
825,Corey,James
826,Amanda,Seth
827,Scott,
828,Peter,
829,Jennifer,
830,Kristina,Jason
831,Robin,
832,Jennifer,
833,Tyler,
834,Jo,Joseph
835,Mark,
836,Ashley,
837,Carlos,Mark
838,Kimberly,
839,Brandon,
840,Kevin,Veronica
841,Misty,
842,Margaret,
843,Stephanie,
844,Shane,Michelle
845,Virginia,
846,Amber,
847,Ann,
848,Gary,David
849,David,
850,Lynn,
851,Russell,Kim
852,Rebecca,
853,Michael,Ian
854,Whitney,Paul
855,Edward,Damon
856,Chad,Susan
857,Ryan,
858,Jordan,
859,Shelby,Brendan
860,Abigail,
861,Cynthia,
862,Barbara,Edward
863,Christina,
864,Lindsey,
865,Jill,
866,Troy,
867,Terrence,
868,Jessica,
869,Belinda,John
870,Frank,Lisa
871,Deborah,
872,Eric,Joseph
873,Crystal,
874,Mackenzie,Bradley
875,Jo,Kayla
876,Megan,
877,Nathan,Samantha
878,Jamie,Sarah
879,Austin,Destiny
880,Katherine,
881,Derek,Zachary
882,Bradley,
883,Courtney,Roy
884,Christopher,
885,Michelle,George
886,Courtney,Lisa
887,Michelle,
888,Benjamin,
889,Caroline,
890,Russell,Joseph
891,Jesse,
892,Jasmine,Lori
893,Alyssa,Kevin
894,Erica,Hannah
895,Rebecca,
896,Kyle,Rebecca
897,Carolyn,Eileen
898,David,
899,Rachel,
900,Douglas,Ryan
901,Christopher,Lisa
902,Patricia,Heather
903,John,
904,Jonathan,
905,William,
906,Zachary,
907,Patrick,
908,Sandra,
909,Katie,
910,Justin,
911,Jacqueline,
912,Sylvia,
913,Kenneth,
914,Dawn,Jessica
915,Gabrielle,
916,Lisa,
917,Carrie,Stephanie
918,William,
919,Carol,Justin
920,April,
921,Ryan,
922,Aaron,
923,Frank,
924,Craig,
925,Derek,
926,Laura,Kimberly
927,Johnny,
928,Susan,
929,Scott,
930,Michael,
931,Michael,Jasmine
932,Meagan,Andrew
933,John,Jill
934,Travis,Benjamin
935,Kenneth,
936,Tristan,
937,Lindsey,Edward
938,Ronald,
939,Alex,Carl
940,Heather,
941,Angela,
942,Andrew,Joshua
943,Amy,
944,Billy,
945,Grant,
946,Gilbert,
947,Chloe,Karen
948,David,Tasha
949,Robert,
950,Mary,Tracy
951,Carmen,
952,Jonathan,
953,Darren,Denise
954,Jennifer,
955,Sara,
956,Anita,
957,Ashley,Jill
958,Tiffany,Stephanie
959,Kristy,Claire
960,Connie,
961,Kimberly,Jennifer
962,Christy,Hannah
963,Sandra,Jessica
964,Jacqueline,James
965,Tracy,
966,Kristina,
967,Gregory,
968,Victoria,
969,Robert,
970,Michelle,Brandon
971,Janice,
972,Christina,David
973,Bradley,
974,Dawn,
975,Andrew,Kayla
976,Jonathan,
977,Rachael,Brad
978,Melissa,
979,Elizabeth,
980,Tyler,Paul
981,Kevin,
982,Sara,Eric
983,Julia,
984,Joshua,
985,Jacob,
986,Mark,Justin
987,Mary,Vanessa
988,Ian,Steven
989,Ronald,Gregory
990,Christian,
991,Brian,
992,Jacqueline,
993,Joshua,
994,John,Melissa
995,Mark,Monica
996,Wanda,
997,Allen,
998,Jose,
999,Brianna,Kristen
