email,nombre
patriciacarter@example.com,Kristin
wstuart@example.net,Shelley
henrybonnie@example.com,Johnny
slawrence@example.org,Adam
lynnspencer@example.net,Kelly
wilsonjennifer@example.net,Brittney
aaron51@example.net,Johnny
alextaylor@example.org,Shawn
donaldbowen@example.com,Dennis
ucook@example.com,Nicholas
ftate@example.com,Caitlin
starkchristopher@example.com,Megan
hbraun@example.com,Kristen
cody89@example.net,Hannah
qbrown@example.org,Travis
nhinton@example.org,Sarah
tbarnes@example.org,Joy
denise28@example.org,Nancy
krystal21@example.org,Robin
kirstenbrown@example.net,Matthew
kochtanner@example.org,Daniel
walkercassandra@example.net,Hannah
nandrews@example.org,James
mpierce@example.com,Sean
hhamilton@example.com,Joshua
uevans@example.org,Eric
robert78@example.net,David
joseph28@example.org,Trevor
dana44@example.net,Keith
georgeshannon@example.org,Connie
julietownsend@example.org,Justin
katiebell@example.net,Mary
qfreeman@example.org,Cynthia
dale67@example.com,Tina
barkerkimberly@example.net,Andrea
hannah85@example.com,Erin
aliciaperkins@example.org,Ryan
davidwilliams@example.net,Riley
pittsmelissa@example.org,Erin
dcarpenter@example.com,Michelle
ashley63@example.net,Natasha
fhernandez@example.net,Shannon
heatherlucas@example.org,Jennifer
hlucas@example.net,Michele
ymartinez@example.org,Jonathan
feliciajordan@example.com,Christopher
andrewanderson@example.com,Barbara
smithjacob@example.net,Zachary
alexandra84@example.org,Christie
brianna09@example.net,Samantha
lindahiggins@example.net,Melissa
qmartinez@example.net,Carla
kingwendy@example.com,Donna
julia08@example.net,James
anthony39@example.org,Maria
browncaitlin@example.net,Elizabeth
martin36@example.org,Tiffany
eric95@example.com,James
lloydmathew@example.net,Brianna
shawn68@example.com,Alison
danielpamela@example.com,Sandra
justin29@example.net,David
molly28@example.org,Tony
ysnyder@example.org,Shannon
rossjared@example.net,Janice
lawrencegonzales@example.net,Michael
joanna78@example.net,Cody
jessica46@example.com,Daniel
danielrangel@example.net,Kyle
arnolddaniel@example.net,Brittany
rbrewer@example.net,Michael
johnsonjasmine@example.net,Kristen
flane@example.com,Brittney
morganrodriguez@example.net,Sarah
katelyn21@example.net,Lisa
clarkadrienne@example.org,Lauren
tjones@example.com,Jeremy
joselewis@example.org,Rebecca
jamesdebra@example.net,Thomas
eugene20@example.net,Theresa
mary17@example.net,Blake
charlesewing@example.com,Angela
sarahjenkins@example.org,Catherine
egarcia@example.com,Daniel
brendastafford@example.net,Donald
castillovincent@example.com,Stephanie
lorettavillarreal@example.net,Joyce
chernandez@example.net,Sherry
denniswallace@example.org,Tamara
john34@example.org,Michael
ofreeman@example.com,Melissa
kingchristopher@example.com,Mark
rebecca02@example.net,Christopher
jeffmassey@example.org,Jennifer
zatkins@example.org,Jake
lawrence99@example.org,Kimberly
mcmillanscott@example.net,Kimberly
jesse68@example.org,Joshua
elizabethbrown@example.org,Samantha
vburnett@example.org,Rodney
christina55@example.net,Ann
foxrobert@example.net,Stephanie
dustinschroeder@example.com,Edward
jeffrey97@example.com,Devin
hamiltonvictoria@example.org,Nicholas
sara88@example.org,Rhonda
jaredstewart@example.net,Aaron
clutz@example.com,David
qwalker@example.org,Timothy
perezjeremy@example.com,Carolyn
isharp@example.com,Matthew
jose89@example.net,David
ryan12@example.net,Eric
robertskristopher@example.net,Gary
rduncan@example.com,Deborah
colin19@example.org,Lauren
vargastaylor@example.net,Richard
gowens@example.com,Debra
estokes@example.com,Angela
jfoster@example.com,Jessica
ihernandez@example.net,Matthew
markcarson@example.com,Christina
jramirez@example.org,Rebekah
wsteele@example.com,Kimberly
munozmelissa@example.net,Robert
alexandra86@example.com,Cassandra
timothyrivers@example.org,Megan
carolfinley@example.net,Michael
ipayne@example.org,Daniel
xmcbride@example.net,Darrell
williammelendez@example.com,Kevin
patrickrodriguez@example.com,Jeffrey
xmiller@example.net,Stephanie
jorgelawson@example.com,Clifford
ysawyer@example.net,Dana
jasminemartinez@example.com,Jessica
katrina66@example.org,Alan
charles42@example.net,Joseph
anthony47@example.net,Derrick
bankssabrina@example.org,Virginia
stevengordon@example.org,Amber
erin82@example.net,Marissa
gjackson@example.net,John
brianobrien@example.net,Monica
courtneycollins@example.org,Samuel
walkernicholas@example.org,Donald
jamesyork@example.com,Natalie
inovak@example.net,Jacob
brittany07@example.com,Adrienne
carol41@example.com,Kara
david41@example.org,John
ashley14@example.org,Jacqueline
jacksonkyle@example.net,Abigail
caldwelldouglas@example.net,Robert
gbates@example.org,Angela
hamiltonsarah@example.net,Kathryn
castroshannon@example.net,Jennifer
erinpearson@example.com,Sarah
stanley88@example.org,Lauren
troycontreras@example.com,Bradley
reneegonzales@example.com,Linda
qbond@example.org,Edwin
bchambers@example.net,Rhonda
matthewsloan@example.net,Kendra
ryan21@example.net,Christopher
nsandoval@example.net,Joseph
dana94@example.org,Kathy
brhodes@example.net,Theresa
curtisscott@example.com,Patrick
robertpittman@example.org,Brian
bmartin@example.com,Tammy
sherry12@example.org,Melissa
peggy87@example.org,Natalie
glindsey@example.net,Ricardo
gpadilla@example.org,Kelly
noblejennifer@example.net,James
thomas28@example.org,Kelly
erinjones@example.org,Randall
alice99@example.org,Sarah
lisapadilla@example.net,Patricia
brandon09@example.net,Jorge
ejones@example.org,Bailey
ilewis@example.org,Paul
karina88@example.org,Haley
lawrencepatrick@example.org,John
fnichols@example.org,John
bondjason@example.net,Russell
rodriguezcaleb@example.com,Mary
cheyennelittle@example.com,Catherine
karen74@example.com,Sabrina
lucasjustin@example.net,James
scottday@example.com,Julie
williamstony@example.com,Kevin
vanessahouston@example.com,Tammy
yortiz@example.com,Paul
terryjones@example.net,Amanda
lawrence53@example.org,Cody
bakerbrittany@example.net,Travis
debra60@example.net,Albert
john04@example.net,Amanda
hwood@example.com,Julie
tonyamerritt@example.net,Gabriel
andrewbowen@example.com,Sarah
stephanieyoung@example.com,Rachael
keithmunoz@example.com,Shawn
murphycaitlin@example.org,Barbara
lgonzalez@example.com,Sarah
gonzalesalbert@example.org,Krista
silvawilliam@example.com,Matthew
jeffreylee@example.com,Mary
timothy35@example.org,Gina
monica04@example.org,Jo
ortegabrian@example.net,Michael
lewisjoseph@example.net,Charles
dillonzachary@example.com,Victor
fschultz@example.com,Justin
xbeasley@example.net,Dylan
qfarmer@example.org,Glenda
tonyharding@example.net,Alison
hcoleman@example.org,Thomas
icarpenter@example.net,Margaret
asnyder@example.org,Leah
rebecca55@example.net,Victor
gary90@example.net,Karen
abigailfitzgerald@example.net,Victoria
karenbarker@example.net,Mark
gwright@example.com,Russell
elizabethburns@example.com,Monique
jpowers@example.com,Jay
butlerpamela@example.net,Alyssa
lcrawford@example.org,Daniel
cgibson@example.org,Brandy
melissachung@example.com,Dale
samuelmoore@example.org,Emily
deboraholiver@example.net,Mark
kaylagreen@example.com,Kyle
danielle85@example.com,Erika
mdavis@example.org,Dana
william91@example.org,Jessica
davidkennedy@example.org,Heather
melanie50@example.net,Laura
arnoldkatrina@example.net,Andrew
johnsonmegan@example.net,Kevin
michael43@example.com,Thomas
hollyhawkins@example.com,James
rivasscott@example.org,Sarah
lmcintyre@example.net,Michelle
james18@example.com,Molly
changsara@example.com,Roy
dawntaylor@example.com,Natalie
hdelacruz@example.org,Laura
christophermichael@example.net,Hannah
gallen@example.net,Brandon
frankjones@example.org,Lisa
rberry@example.org,Brittany
troy03@example.net,Keith
murrayjames@example.net,Michael
richardpatel@example.net,David
ehill@example.net,Paul
kramsey@example.com,Joyce
danielfoley@example.org,Todd
devinwilson@example.com,Jaime
khill@example.com,Cynthia
donald86@example.net,Brittany
melissabowman@example.net,Travis
awallace@example.net,Hannah
ojordan@example.org,Blake
shelly85@example.net,Angela
romeroelizabeth@example.org,Thomas
sheltontracy@example.com,Laura
alexandramarshall@example.org,Shawn
robertcuevas@example.com,Thomas
vmendoza@example.net,Anthony
griffithmichael@example.net,Jeffrey
grossduane@example.net,Reginald
vodom@example.com,Kyle
matthewstewart@example.net,Cheryl
smartin@example.org,Amber
jesse33@example.org,Amanda
loganscott@example.net,Tiffany
mluna@example.com,Mark
jessicachavez@example.org,Barbara
annaclark@example.com,Angela
olsonstephen@example.org,Christopher
hoganjulie@example.net,Matthew
brett84@example.org,Jared
alyssa39@example.com,Brian
alyssaclay@example.net,Earl
perrydavid@example.net,Christian
raymond70@example.org,Karla
james67@example.org,Mariah
thomasgomez@example.org,Joshua
hannah92@example.org,Dana
gordonpatricia@example.com,Kyle
samanthaflynn@example.net,Edward
qjones@example.com,Lauren
waynesmith@example.net,William
pcollier@example.org,Julie
gonzalezalexis@example.net,Kathryn
cgreen@example.net,Adam
nichole93@example.com,Patricia
banksemily@example.net,Jennifer
katherineallen@example.net,Michael
miranda36@example.org,Robert
tsimpson@example.net,Cody
gonzalezmichele@example.net,Rebecca
wayne78@example.org,Brianna
vschwartz@example.net,Jason
gsteele@example.net,Melissa
luishoward@example.org,William
lopezkevin@example.com,Joyce
bryancordova@example.net,Michael
gjohnson@example.net,Matthew
jhudson@example.net,April
jamesjohnson@example.net,Evan
sullivanbrendan@example.net,David
adamschristopher@example.net,Erica
oferguson@example.net,Andrew
wilsonryan@example.com,Mary
angelica93@example.org,Scott
christopher97@example.org,Veronica
luis13@example.com,Hector
dana78@example.org,Joseph
diamond24@example.org,Michelle
martinamanda@example.net,Michael
hallandrea@example.net,Andrew
martinkimberly@example.com,Whitney
xcruz@example.org,Ashley
michellecross@example.net,Matthew
scottbell@example.org,Madison
andressmith@example.com,Sarah
fprice@example.com,Eric
thomas88@example.net,Catherine
chenmichael@example.net,Alexandria
juliedunn@example.net,John
colleenrogers@example.org,Brenda
snowgina@example.net,Kristy
ublair@example.org,Christopher
hernandeztammy@example.com,Deborah
dianecraig@example.net,James
hoffmanryan@example.net,Ryan
rscott@example.com,Alex
cherylbraun@example.net,David
thomasdoyle@example.com,Eric
robinhester@example.com,Anthony
nicholas09@example.org,Christopher
lhart@example.com,Jonathan
emily99@example.com,Matthew
rodriguezamy@example.org,Jillian
thumphrey@example.org,Angela
jprice@example.org,Kevin
fnash@example.com,Ryan
nhughes@example.org,Courtney
kingalexandra@example.com,Julia
herbertolsen@example.net,Terri
nataliebennett@example.net,Joseph
colin41@example.net,Steven
davismartin@example.org,Deborah
gabriel73@example.net,Candice
omartinez@example.com,Jonathan
alexisware@example.org,Joshua
laura13@example.net,Madison
thomasadam@example.org,Michael
jacob41@example.net,Carlos
mcgrathrebecca@example.com,Susan
michael12@example.org,Bobby
amy43@example.org,Michael
jacquelineramos@example.net,Ashley
karen26@example.com,Alan
grobinson@example.com,Jesus
pricechristine@example.com,Christopher
samantha18@example.net,Lisa
mary41@example.org,Ronald
christopher41@example.com,April
ramseydavid@example.org,Dylan
rhall@example.net,Zachary
harold12@example.com,Veronica
katiemcgee@example.net,Brenda
timothyreynolds@example.net,Danny
williamsgabriela@example.org,Marcus
melissakennedy@example.org,Ryan
kgross@example.org,David
pjohnson@example.net,Alan
icohen@example.org,Raymond
zscott@example.org,Cynthia
martinezanthony@example.net,John
colin83@example.net,Sandy
zrowland@example.net,Abigail
stevenhernandez@example.com,Jacqueline
jilllane@example.com,Roberto
efisher@example.net,Melissa
qhenry@example.org,Barbara
tara89@example.org,David
edwin96@example.com,Kelly
oolsen@example.net,Aaron
dixonamy@example.net,Susan
rachel05@example.org,Pamela
sroach@example.com,Michael
caleb18@example.org,Ronald
heatherhammond@example.net,Tina
bryan22@example.com,Chris
michael41@example.net,Marie
ebyrd@example.com,Shannon
ellisnicole@example.org,Terri
bensonjason@example.org,Melissa
lyonscharles@example.org,Kimberly
zflowers@example.com,Terri
colleen81@example.org,William
hbridges@example.net,Amanda
racheldowns@example.org,Cynthia
destinycampbell@example.net,Joseph
egilbert@example.net,Jared
jeffrey57@example.net,Andre
michele80@example.net,Samuel
bonddaniel@example.com,Hannah
jenny79@example.net,Kristina
richardsoncarlos@example.com,Tyler
garygarcia@example.com,Roy
zwhite@example.net,Megan
aaronstanley@example.net,Alan
dnash@example.org,Bonnie
blevinsdiana@example.org,Vincent
brianahall@example.net,Cynthia
dillon17@example.net,Casey
xperez@example.org,Joshua
facosta@example.net,Daniel
wporter@example.org,Alexander
jonessharon@example.org,Kelsey
sthomas@example.com,Charles
kimberly77@example.net,Thomas
ywhite@example.net,Miranda
vanessabrady@example.org,Tonya
pali@example.net,Shane
amygallegos@example.org,Kathy
ashleywatson@example.net,Jose
susangriffin@example.org,Stephanie
steven12@example.net,Colin
jessicabarnes@example.net,Tammy
rhondaoliver@example.net,Bruce
nicolasmitchell@example.com,Karen
kelseymora@example.org,Kimberly
robertsonpatricia@example.net,Peter
romerojessica@example.org,Amber
matthew19@example.com,Natasha
codymoore@example.com,Kevin
christophergordon@example.com,Kimberly
joshua50@example.org,Laura
woodarddonna@example.com,Abigail
moodyeric@example.net,Anita
tiffanyhall@example.net,Christina
michaelwilson@example.com,Leah
kathryn86@example.org,Desiree
allison81@example.com,John
jennifercollins@example.org,Justin
coxnathan@example.com,Chelsea
meghan45@example.org,Kaitlyn
sara99@example.net,Thomas
robert06@example.org,Kevin
nicole84@example.net,James
peterhorton@example.net,Amy
johnstephens@example.com,Gregory
kdorsey@example.org,Hayden
imay@example.org,Jessica
carlanelson@example.org,Felicia
joycarter@example.com,Paul
gmiller@example.com,Katherine
wcolon@example.org,Michelle
zavalageorge@example.net,Joshua
craig41@example.net,Kevin
franklisa@example.net,Craig
joseph22@example.com,David
kevin18@example.net,Tracey
cjones@example.net,Brandon
izimmerman@example.com,Anthony
oschwartz@example.com,Kimberly
wpratt@example.org,Lauren
pbernard@example.org,Jennifer
douglasjames@example.net,Robert
hayleyhernandez@example.com,Ryan
debraporter@example.net,Margaret
sararoberts@example.com,Gregory
mcbrideeric@example.net,Lauren
gpowers@example.net,Brandi
ssmith@example.org,David
cynthia25@example.org,Judy
uortega@example.org,Dana
ymelton@example.com,David
farrellamanda@example.org,Valerie
jeffreybrown@example.com,Jesus
eric15@example.org,Kevin
jacksonkara@example.org,Samuel
jennifer62@example.com,Chad
natalie91@example.net,Mason
mwolfe@example.net,Mackenzie
travishaynes@example.com,Matthew
contrerasjose@example.com,Alexandra
chernandez@example.org,Kathy
fernandogutierrez@example.com,William
wedwards@example.com,Angela
jessica28@example.com,Michael
michaelnelson@example.net,Erik
willie25@example.org,Ryan
creynolds@example.org,Rachel
geraldadams@example.net,Amanda
elizabeth17@example.net,Brandon
jessicathompson@example.net,Tammy
gmcmillan@example.com,Dylan
jessica85@example.org,Mark
apatrick@example.org,Ann
brittney81@example.net,Mark
gutierrezwilliam@example.org,Mackenzie
dawnrivera@example.net,Ryan
brucesharon@example.com,James
lydiamooney@example.com,Jeremy
estesgarrett@example.com,Douglas
alexandramurphy@example.com,Melissa
maysjeffrey@example.com,Todd
michelleedwards@example.com,Todd
adkinsdiana@example.org,Gordon
michael88@example.org,Thomas
vcisneros@example.net,Madison
valenzuelakatherine@example.net,Curtis
rickeyweeks@example.com,Thomas
micheleestrada@example.net,Christopher
richard53@example.net,Mark
elliottlinda@example.net,Kayla
nellis@example.net,Matthew
nicholasturner@example.org,Melissa
andersonbenjamin@example.com,Patrick
sarah84@example.org,Angelica
hallrebecca@example.com,Todd
davidpierce@example.net,Michael
andrea33@example.net,Isaac
madelinepaul@example.net,Eric
taylormoore@example.com,Jeffrey
adamsjonathan@example.com,Blake
lambmichelle@example.net,Maria
aaguilar@example.net,Antonio
gloria31@example.com,Christopher
joshua03@example.net,Douglas
amanda89@example.com,Nicholas
joshuabrown@example.org,Daryl
rhonda14@example.com,Paula
ichase@example.net,Danielle
emily75@example.org,Kimberly
dmartinez@example.net,Billy
andrew92@example.net,Tyler
tscott@example.org,Whitney
bruce05@example.com,Theodore
paige24@example.com,David
shumphrey@example.org,Amanda
adkinsmelissa@example.com,Robert
stacyberry@example.org,Alison
runderwood@example.org,Kristen
dawnhansen@example.org,John
christinegray@example.com,Nicholas
zpadilla@example.net,Laurie
uaguilar@example.org,Joseph
kimberly10@example.net,Jack
patrick44@example.org,Mark
heather79@example.com,Rebecca
staffordjay@example.net,Austin
angela91@example.net,Benjamin
lstanley@example.org,Courtney
jeremyhamilton@example.net,Chase
cfranklin@example.com,Linda
raymonddonovan@example.com,Sarah
vmartin@example.net,Kelly
johnsonamber@example.com,Kathy
julie78@example.com,Corey
phayes@example.com,Daniel
brittany97@example.net,Mia
boltonkelly@example.org,Carol
oguzman@example.net,Tracy
spearsjeremy@example.net,Brianna
bethharrison@example.com,Pamela
townsendsarah@example.org,William
marieperry@example.org,Tracey
austin02@example.org,Shannon
icraig@example.com,Stephen
myerssarah@example.net,Christopher
lwatson@example.com,Elizabeth
kimberly81@example.net,Michael
morganblake@example.org,Dillon
susanwood@example.net,Dennis
qyoung@example.net,Jacqueline
ramirezmary@example.com,Dalton
lauren23@example.net,James
michaelphillips@example.com,Nicholas
diazjohn@example.com,Melissa
kbryant@example.com,Mark
joseph23@example.net,Nicholas
zunigaandrew@example.net,Michael
jgarcia@example.net,Megan
hthompson@example.net,Darrell
jennifer55@example.org,Justin
sarahblackwell@example.net,David
troyleonard@example.com,Christian
nicolelewis@example.com,Renee
pachecoeric@example.net,Jason
stephanie90@example.org,Ann
jonbell@example.net,Justin
yorkjeff@example.net,David
newmanjennifer@example.com,Stanley
andrewslinda@example.net,Justin
zburns@example.net,Erik
rwelch@example.com,Joanna
thomas81@example.org,Brittney
richard31@example.org,Gregory
riveramichael@example.org,Michelle
william60@example.com,Anthony
noahwillis@example.com,Connie
zwallace@example.org,Mario
walkerjacqueline@example.net,Jessica
ncurry@example.com,Natalie
andreajohnson@example.org,Dustin
ikeller@example.com,Albert
ellisjeremy@example.com,Thomas
hughesrichard@example.com,Jessica
klinejustin@example.org,Jamie
rebeccaoconnell@example.com,Jennifer
davidrodriguez@example.com,Anthony
nicholefernandez@example.org,William
markluna@example.com,Joshua
alexander10@example.com,Mary
wgarcia@example.net,Anita
christopher01@example.net,Lori
keith02@example.org,Ann
charlesgraham@example.net,Paula
jose52@example.com,Melanie
darrencrawford@example.net,David
jeanette22@example.net,Brandon
mbarnes@example.com,Karen
belltimothy@example.com,Mark
martinsara@example.org,Casey
vmorgan@example.net,Paul
andrewpeters@example.net,Melissa
allenmichelle@example.com,Justin
nancypotts@example.org,Anthony
williamcook@example.org,Teresa
elizabethrobinson@example.com,Daniel
canderson@example.net,Andres
shanemills@example.net,Christopher
wdunn@example.net,Sara
williampena@example.org,Sarah
coxphillip@example.org,Veronica
mcintyregeoffrey@example.net,April
marc66@example.net,Gabriel
myoung@example.org,Madison
barrysmith@example.com,Ashley
smithjohn@example.net,Jeffrey
laceysullivan@example.org,Roger
wmcdaniel@example.net,Alejandra
tiffany39@example.com,Mark
zgibson@example.net,Richard
thomasjonathan@example.com,Kevin
reedmonique@example.net,Edward
tylercarson@example.com,Amber
denise33@example.com,Rachael
gmoore@example.com,Steven
william67@example.com,Kristine
smithjames@example.com,Todd
showard@example.com,Amanda
kwhitaker@example.com,Keith
xleach@example.net,Emily
timothygolden@example.net,Wendy
derek14@example.org,David
sherry54@example.com,Rebecca
harveyjoe@example.org,Cassie
gabrielmcbride@example.org,Mary
ahernandez@example.com,Vincent
rgonzalez@example.org,Christopher
vhines@example.com,Erika
amyclark@example.com,Jack
stevefigueroa@example.org,Alexandra
johnsonnancy@example.net,Mark
alexis94@example.org,Paul
edwardsrhonda@example.net,Penny
brightadrian@example.org,Jonathan
hgarcia@example.org,Rachael
qchoi@example.net,James
angelagriffin@example.net,Jamie
heather41@example.net,Amanda
jeremymorrison@example.com,Jessica
zadams@example.com,Tiffany
scottbaker@example.org,Anthony
gomezkevin@example.com,Sara
ingramdavid@example.net,Raven
tiffany41@example.org,Kelly
lawrencekaren@example.net,Samantha
gregorymcpherson@example.net,Andrea
wlevine@example.org,Bridget
haileysimpson@example.org,Jeffrey
freemanscott@example.org,Victoria
marshallmartin@example.com,Michelle
mcguireian@example.com,Vicki
james03@example.com,Diana
jennifer69@example.com,George
richard04@example.net,Alejandra
banksandrea@example.net,Nathaniel
rodgerskevin@example.org,Nathan
danamoore@example.com,Michael
moorejoseph@example.net,Brian
masonlori@example.org,Jeremy
jcherry@example.com,Andrew
kathleen64@example.org,Joan
uwatson@example.org,Brittney
carlos32@example.com,Lori
huntersmith@example.org,Matthew
apeterson@example.org,Bonnie
sandovalsandra@example.com,Mark
johnsonkathryn@example.com,Anthony
trevorjohnson@example.com,Austin
ryanmartin@example.org,Kathleen
phillipwilson@example.org,Eric
julie44@example.com,Jeremy
kwhitaker@example.org,Teresa
gregoryhill@example.com,Lisa
adrianacallahan@example.com,Theresa
katherine11@example.com,Charles
james86@example.org,Kenneth
jennifer47@example.net,Kyle
nsmith@example.net,Donald
vbanks@example.net,Nicole
michaelmiller@example.org,Carrie
carolsimpson@example.org,Gregory
qdavis@example.net,Robin
david75@example.net,Gregory
aguilarhannah@example.com,Kelly
vgarcia@example.com,George
laura45@example.net,Rachel
judy28@example.com,Ian
karengarcia@example.com,Hayden
nunezjonathan@example.net,Jasmine
victor29@example.com,Michelle
frank00@example.com,Richard
janetmoore@example.org,Laura
umahoney@example.com,Bradley
sarah58@example.net,Jonathan
danielmitchell@example.com,Joy
keithwolf@example.org,Jennifer
richard40@example.org,Calvin
ldavis@example.org,Johnny
melissa39@example.com,Jason
cortezamy@example.net,Melinda
sullivanbenjamin@example.net,Gregory
shinton@example.com,Taylor
mark92@example.net,Kenneth
fwilson@example.org,Erik
sandovalrobert@example.net,Taylor
phillip01@example.net,Steven
stephen22@example.org,Chad
wanda98@example.com,Krista
johnsonjames@example.com,Bryan
peter72@example.net,Jennifer
tim54@example.org,Carolyn
sandra26@example.net,Jennifer
jacquelineperry@example.org,Megan
nancywarner@example.org,Tommy
nataliecampbell@example.org,Melissa
mark72@example.org,Kimberly
danielbauer@example.org,Joseph
woodkristen@example.com,John
christina44@example.net,Richard
fosterjessica@example.com,Connie
kevin07@example.net,Brenda
edwardstracy@example.net,Daniel
bgarcia@example.net,Ashley
fdavies@example.com,Ashley
grahamkimberly@example.org,Cody
shannonreyes@example.com,Ronald
brownjay@example.org,Nicole
smithstephanie@example.com,Amber
mariaperez@example.com,Michael
ugutierrez@example.net,Kristin
kimjackson@example.net,Gregory
kdelacruz@example.com,Rebekah
baxtermatthew@example.org,Michael
tiffany38@example.com,Lisa
jonathan52@example.com,Andrew
calvin98@example.net,Teresa
jo07@example.com,Michael
tiffany84@example.org,Jesus
joe61@example.org,Lisa
eclark@example.com,Mark
brittany65@example.net,Bradley
matthewhanson@example.com,Edward
david43@example.com,William
pacejames@example.com,Austin
chadwilson@example.net,Kimberly
jacob15@example.org,Alejandra
ystevens@example.net,Jason
christy97@example.org,Robert
wcampbell@example.net,Brittany
ematthews@example.net,Margaret
zingram@example.net,Melanie
kevinpoole@example.net,James
hbrewer@example.org,Shannon
christina53@example.org,Steven
rebeccahill@example.org,David
michael16@example.net,Eric
ethan42@example.org,Derrick
melvincox@example.net,Clifford
garyhernandez@example.com,Charles
mitchelljoseph@example.com,Christy
jcross@example.com,Frederick
erikcampbell@example.org,Seth
williamsjanice@example.net,Matthew
jenniferjenkins@example.net,Chloe
xsmith@example.net,Amy
allenrobert@example.net,Tami
zsanchez@example.net,Rebecca
tyler80@example.org,Anna
eanderson@example.com,Crystal
qcarter@example.net,Peter
iturner@example.org,Jacqueline
allen11@example.com,Christopher
carl65@example.com,Michael
chrisbooth@example.org,Lisa
dudleyapril@example.net,Barbara
bsnyder@example.net,Breanna
turneryvonne@example.com,Ethan
jbrown@example.org,Sara
codybryant@example.org,Elizabeth
vincentjames@example.com,Megan
nataliedickson@example.net,Jeffrey
andrewsjuan@example.com,Tanya
jodimeadows@example.org,Jesse
daniel25@example.net,Bonnie
wwilliams@example.org,Gabrielle
jennifer22@example.org,Michael
jcarson@example.org,Zachary
dcarter@example.org,Patrick
laura91@example.org,Victoria
justinjones@example.net,George
gkline@example.com,Zachary
moodynicholas@example.org,Patrick
watersrebekah@example.net,Ashley
scottpamela@example.org,Adam
randyyates@example.org,Thomas
dustinolsen@example.org,David
robertsthomas@example.com,Zachary
martinezgabriel@example.com,Maria
dunlapmichael@example.org,Heather
lsmith@example.net,Amanda
william49@example.com,Bethany
joshuakennedy@example.org,Melinda
jasonherrera@example.org,Teresa
victoria22@example.org,Stephen
gregory63@example.org,Hannah
perrycatherine@example.org,Andrea
lisa72@example.net,Robert
danielochoa@example.org,Michele
yford@example.com,Rebecca
katherine74@example.net,Lisa
chunter@example.com,Tina
caitlinpruitt@example.net,Hannah
mitchell80@example.org,Christopher
jbrown@example.com,Megan
aboyer@example.com,Larry
brett82@example.org,Michelle
smithmichael@example.net,Lauren
deborah88@example.net,Shane
dana04@example.com,Amanda
reneeholmes@example.com,Robert
louisobrien@example.com,Steven
huffdana@example.com,Michael
charlesward@example.com,Steven
sandersjames@example.net,Katherine
kimcarroll@example.net,Michelle
trevor03@example.com,Robert
debbie05@example.org,Erin
kent83@example.net,Victoria
cbarnes@example.org,Kimberly
vmoore@example.com,Carolyn
moorerachel@example.com,Kayla
hendersonanne@example.com,Susan
qswanson@example.com,Tina
glassmelissa@example.net,Erika
hinesdavid@example.org,Zoe
durhamsally@example.com,David
angel49@example.org,Ronald
laura00@example.net,Timothy
sherryhess@example.org,Sharon
michael09@example.net,Benjamin
lisa79@example.net,Kimberly
lbeasley@example.org,Sabrina
jenniferlara@example.org,Sabrina
felliott@example.net,Daniel
terri43@example.net,Shelia
mary96@example.net,Calvin
courtney17@example.net,Deborah
davidgentry@example.org,Darryl
taylorstephanie@example.org,Leslie
mccoylaurie@example.org,James
jonathanlee@example.net,Eric
bennettchristian@example.net,Sean
erica07@example.org,Timothy
halexander@example.com,Thomas
kenneth80@example.com,Alan
qnichols@example.com,Melissa
herrerajuan@example.org,Andrea
michaela15@example.net,Amy
wendy11@example.net,Mary
banksbrian@example.net,Donna
jeffreymurphy@example.com,Peggy
renee47@example.com,Lisa
vbutler@example.com,Jeffrey
eric41@example.org,Renee
eward@example.com,Jeffrey
dthompson@example.org,William
elizabethdunn@example.net,Cassandra
alexanderandrew@example.net,Roger
ikelley@example.org,Tiffany
franklinricardo@example.net,Gabrielle
jessica90@example.net,Michael
ahenderson@example.net,Gwendolyn
georgebush@example.com,Adam
stevensavage@example.net,Virginia
richardholloway@example.com,Russell
andersonchristine@example.org,Christopher
umayo@example.net,Alyssa
coxmichael@example.org,Julie
susancuevas@example.net,Amber
ywest@example.org,Andrea
larnold@example.com,Mark
andrew33@example.net,William
dominguezdarrell@example.net,Jessica
ryan45@example.com,Kenneth
jasongraham@example.net,Robert
peter16@example.net,Meagan
emilybrown@example.org,Jonathan
vstanley@example.org,Justin
iallen@example.com,Nathaniel
david67@example.com,Amanda
zgolden@example.org,Robert
zalvarez@example.net,Bonnie
brianna21@example.org,Katherine
campbellrichard@example.com,Stephanie
kzimmerman@example.com,John
jacksonrobert@example.net,Martin
sellersamanda@example.net,Shawn
david56@example.org,William
turnerjessica@example.org,Katie
agordon@example.net,James
samuel85@example.net,Robert
kimberly08@example.net,Colleen
pflores@example.com,Kimberly
xbailey@example.net,Maria
parkheidi@example.net,Kevin
melissawheeler@example.org,Lori
john38@example.com,Robert
williamsnatasha@example.org,Mary
nwilliams@example.com,Zoe
bsmith@example.org,Roy
kdunn@example.com,Kimberly
uhudson@example.com,Pamela
diane56@example.com,Bill
andersonstephanie@example.net,Thomas
grahamjeremy@example.net,Steven
anthony74@example.com,Samuel
pauldavis@example.net,James
mayerika@example.net,Tiffany
wlewis@example.com,Debra
tuckerandrea@example.net,Margaret
megannoble@example.com,Christopher
elizabethwalters@example.net,Nancy
coreyreid@example.net,Matthew
laura15@example.net,Justin
jillian52@example.net,Jorge
patrick33@example.org,Michael
tracy67@example.net,Amanda
jamescruz@example.net,Jasmin
eric17@example.org,James
maryvega@example.net,Deborah
leekristy@example.com,Dylan
victoriasmith@example.net,Larry
pstevens@example.org,Steven
sawyermark@example.com,Christina
roy61@example.net,Kaylee
alison25@example.com,Katelyn
barajascody@example.org,Tammy
kellercody@example.org,Gary
qadams@example.com,Erin
quinngary@example.net,Mercedes
gregory03@example.com,Shari
brewerbrandon@example.com,Dawn
klinemichael@example.com,Juan
apowers@example.org,Ashley
abrooks@example.net,Kenneth
timothy75@example.org,Rebecca
lowevictoria@example.com,Gregory
adamsjohn@example.net,Jamie
robert07@example.org,Deborah
justin61@example.org,Stephanie
sandragraham@example.com,Shannon
carlsonduane@example.net,Richard
shariheath@example.org,Jason
brenda16@example.com,Sandra
melaniesullivan@example.net,Patrick
tracyhale@example.org,Robert
currychristopher@example.com,Terri
jason16@example.com,Francis
timothystein@example.com,Mary
dennischavez@example.org,Cassandra
kevinlucas@example.com,Christian
patrickoneill@example.com,Fred
johnsoncody@example.org,Jeremiah
tracyli@example.org,Emma
martindawn@example.com,Angela
dbrown@example.org,Christine
fgarcia@example.net,Jessica
brandon82@example.org,Garrett
susan78@example.org,Megan
kathrynklein@example.org,Joshua
qweber@example.com,Joy
bullockjohn@example.org,Timothy
natalie69@example.net,Lisa
hartmankathy@example.org,Thomas
marquezlaura@example.com,David
vanessa67@example.com,Shannon
millermichelle@example.net,Diane
wgraham@example.net,Robert
pwright@example.org,Jeremy
bsampson@example.org,Sabrina
stephengamble@example.net,Tracy
bushchristopher@example.org,Richard
adam63@example.org,Richard
jeffreymcintosh@example.org,Mary
garrisonangela@example.org,Elijah
rneal@example.net,Micheal
anguyen@example.org,Jenna
gbuchanan@example.net,Lawrence
anthony60@example.org,Chad
murphysherry@example.com,Anthony
dylan36@example.net,Paul
angela83@example.com,Andrea
middletonjason@example.com,Leonard
qmurphy@example.com,Joseph
davisdebra@example.net,Jennifer
ejohnson@example.com,Brittany
mendozaandrea@example.net,Kristen
gbrown@example.org,Laura
martinezerin@example.com,David
charlesgomez@example.org,Samantha
juarezchristian@example.net,Jeff
lwilliams@example.com,Michele
stricklanderik@example.net,Kenneth
parksmatthew@example.org,Maria
jbeck@example.com,Jeremiah
danieljimmy@example.com,Colleen
kjohnston@example.net,Bobby
michaeltaylor@example.net,Robert
troy27@example.net,Juan
xpaul@example.net,Kimberly
wheelersheila@example.com,Stephanie
martinlauren@example.org,Jacqueline
dennis05@example.org,Scott
ibrady@example.net,Luis
xcarrillo@example.net,Michelle
joseph78@example.org,Michael
lisajackson@example.com,William
deborahknight@example.org,Kimberly
fthompson@example.org,Kimberly
wallclinton@example.net,Patrick
dburch@example.com,Charles
lrodriguez@example.org,Megan
floresheather@example.org,Aaron
jodi24@example.net,Maria
dmacdonald@example.org,Emily
cnewman@example.org,Damon
coletracey@example.com,Alison
rose11@example.com,Billy
taylor12@example.org,Dakota
danielskristin@example.net,Patricia
walterzachary@example.com,Edward
patriciafoster@example.net,Stephanie
mindylarson@example.net,Kenneth
slopez@example.com,Christopher
larsensharon@example.com,Isaac
kennethbrown@example.com,Jessica
mprice@example.net,Amy
nicole98@example.net,Robert
hopkinsanna@example.com,Christopher
michelle88@example.com,Jennifer
brian13@example.net,David
zhenry@example.org,Nathaniel
paul87@example.com,Cynthia
hvalenzuela@example.net,Matthew
andrewsdanny@example.com,Amanda
nataliemyers@example.com,Erin
uhernandez@example.net,Brett
williamsbrittney@example.net,Benjamin
francisamanda@example.org,Victoria
robertmartin@example.org,Tiffany
jguzman@example.org,Laura
barronguy@example.com,Jacqueline
kimberlywade@example.com,Susan
aprilrivera@example.net,Aaron
wpatel@example.net,Samantha
danielle38@example.org,Christina
adamsjesse@example.org,Angela
lindseywarner@example.org,Lucas
natalie93@example.com,Richard
seth31@example.org,Christy
qwashington@example.org,Kenneth
judythompson@example.org,Kimberly
andrewhahn@example.net,Michael
thomassmith@example.com,Brad
michaelrios@example.org,Abigail
briggsmatthew@example.com,Melinda
johnlopez@example.org,Paul
bairdmaria@example.com,Michael
petersalexandria@example.com,Angel
anitabenjamin@example.org,Jessica
katrinapark@example.org,Sarah
hopkinsemily@example.net,Vicki
mtaylor@example.org,Julie
deanflores@example.net,Heather
jacobharris@example.net,Mary
evansmark@example.net,Robert
greerjennifer@example.com,Travis
lgilbert@example.com,Kevin
douglas39@example.org,Michele
cannonjerry@example.com,Bethany
sotosteven@example.net,Mary
thomas46@example.net,Joseph
donaldromero@example.net,Kimberly
aaron83@example.net,Mark
ronald30@example.com,Michael
reidmichelle@example.com,Brandi
matthew41@example.org,Steven
anthony24@example.org,April
joparker@example.net,David
jessica26@example.com,Tiffany
elee@example.net,Lisa
kingangela@example.org,Andrew
qdavis@example.org,Shannon
uwilliams@example.org,Tracey
stanley58@example.net,Charles
zwatson@example.org,Susan
rebekahherman@example.com,Eric
gbryant@example.net,Dustin
sgordon@example.com,Charles
nicholasschmidt@example.net,Katherine
josephbarton@example.org,Catherine
rosehailey@example.com,Brittany
marquezcarrie@example.org,Mary
jacobwilliams@example.org,Jesus
youngtammy@example.com,Emma
josephperry@example.com,Tonya
madisonbarker@example.com,Jessica
nblake@example.org,Sara
westmonica@example.com,James
halerobert@example.com,Ryan
ambermcintosh@example.net,David
karendickson@example.net,Alexandra
kevincastaneda@example.net,Tiffany
jonesolivia@example.net,Jessica
daniel48@example.net,Scott
jefferydawson@example.org,Jessica
panderson@example.net,Tyler
dwilliams@example.com,Aaron
laurenbraun@example.com,George
hernandezkimberly@example.org,Andrew
michael62@example.org,Teresa
cjenkins@example.net,Christine
casebrianna@example.com,Michael
khamilton@example.com,Leonard
vbradshaw@example.com,Clinton
annegonzalez@example.org,Kelly
websterangela@example.com,Steven
jasmine01@example.org,Jessica
aaronmccarty@example.net,Collin
edgar17@example.com,Kendra
sarahfuentes@example.org,Heather
linda83@example.org,Aimee
williamwatson@example.net,James
heather37@example.org,Steven
igriffith@example.org,Lori
campbellsherry@example.com,Sabrina
denisekim@example.net,Kristin
ramirezjessica@example.com,Angela
zthomas@example.org,Dennis
dylan61@example.net,Melanie
hwhite@example.com,Juan
kadams@example.org,Sara
hannahpittman@example.org,Lindsey
reynoldsjaime@example.net,Johnathan
kimberly35@example.net,Kevin
ukelly@example.net,Joseph
fjames@example.com,Charles
mcguirekevin@example.com,Vanessa
philiphunter@example.com,Tim
rhodge@example.com,Joshua
ryan61@example.com,Steve
jessica84@example.net,Peggy
burchheather@example.org,Christopher
alisonhenderson@example.net,Amber
janetwest@example.org,Kevin
kburns@example.com,Jasmine
gregoryzhang@example.net,Lauren
lovemichael@example.com,Briana
zellis@example.net,Michael
farleyjonathan@example.org,George
brian70@example.org,Allen
ysmith@example.net,Julie
gilbertlauren@example.org,Austin
fbuchanan@example.net,Melissa
hartsharon@example.net,Christopher
amanda52@example.net,Angela
samuelterry@example.org,Jacqueline
owood@example.com,April
qrowland@example.net,James
turnerdonald@example.com,Matthew
hrobertson@example.org,Jon
atkinsjames@example.com,Joseph
qaguirre@example.net,Christina
dhenderson@example.net,Alice
qbird@example.net,Derek
mrodriguez@example.net,Curtis
johnthompson@example.org,Joseph
blackwellglenn@example.net,Jason
dbooker@example.com,Virginia
heather66@example.org,Joy
jbaker@example.org,Mitchell
rioshoward@example.com,Ashley
tbarrett@example.org,Erica
laurie17@example.net,Joshua
chanmark@example.net,John
alex76@example.net,Madison
arnoldannette@example.org,Lisa
kscott@example.net,Dennis
suzannemann@example.org,Robert
dixondebra@example.com,Ryan
sarah69@example.net,Carla
barbaraturner@example.com,Miranda
larry79@example.net,James
usalazar@example.net,Sara
marianelson@example.org,Kevin
oneilladam@example.net,Matthew
uwang@example.net,Karen
hunter04@example.org,John
obrooks@example.com,Christopher
scottshah@example.org,Angela
gyoung@example.net,Lisa
michael65@example.org,Jason
rvaughan@example.net,Tara
uhayes@example.org,Brittany
michael56@example.org,Nicholas
gsullivan@example.com,Brenda
estradajoseph@example.net,Mackenzie
tina34@example.com,Tyler
davidsmith@example.org,Joshua
zacharyparker@example.com,Corey
erikhudson@example.net,Joseph
ytorres@example.net,Justin
cmendoza@example.net,Brian
kathleen82@example.com,Diana
robertgreen@example.org,Jerome
loganmills@example.org,Joseph
michael54@example.com,Tracy
guerreroedward@example.net,George
michaelwalker@example.com,Kristi
hubbardkatrina@example.org,Ryan
michael97@example.com,Thomas
qjackson@example.net,David
johnsondaniel@example.net,Theresa
hbrown@example.org,Stephanie
michael12@example.net,Michael
wholloway@example.net,Jessica
dorothy84@example.com,Nathaniel
lturner@example.com,Hector
brandon70@example.com,Rachel
mbowen@example.org,Valerie
robinsonvalerie@example.com,Robert
martinezkatie@example.com,Hailey
asaunders@example.org,Bryan
whitejames@example.com,Lisa
fjones@example.org,Tracy
aaronrobinson@example.net,Bill
pcox@example.com,Jennifer
austin78@example.net,Kenneth
nicolecordova@example.org,Jessica
estesdiane@example.net,Emily
handerson@example.com,Jeffery
staylor@example.com,Mark
qblair@example.org,Curtis
rosschad@example.net,Richard
bwyatt@example.com,Brett
acruz@example.org,Michael
maxwellelizabeth@example.net,Dylan
emilybell@example.org,Thomas
nsmith@example.com,Michael
abird@example.net,Karen
tdavis@example.com,Christina
hwalsh@example.net,Darrell
lpetty@example.com,Elizabeth
pharmon@example.net,Evelyn
madison08@example.net,Heather
gregorywilliams@example.com,Michelle
ydiaz@example.net,Deborah
joseph64@example.net,Amy
laura51@example.com,Erica
uzhang@example.com,Christopher
zanderson@example.net,Vernon
christine74@example.com,Matthew
shanewolfe@example.com,Danielle
graynancy@example.com,Phillip
martinkeith@example.com,James
davidfitzpatrick@example.net,Maria
richard49@example.com,Michael
mooremaria@example.com,James
zjohnson@example.org,Bruce
gmason@example.net,Gloria
idalton@example.com,Steven
patrickprice@example.org,Benjamin
john90@example.com,Aaron
jonessarah@example.net,Shane
eric73@example.com,Anthony
freemancindy@example.net,Barbara
michaelking@example.com,James
jenniferhowell@example.com,Michael
jason50@example.com,Jennifer
julianvaughan@example.com,Patricia
mannmatthew@example.com,Mark
marcushall@example.org,Olivia
hawkinsalan@example.org,Rhonda
josekeller@example.com,Eric
brownmarie@example.net,Tammy
hhicks@example.com,Dennis
matthewdixon@example.com,Lauren
fvaldez@example.org,Nancy
graykathryn@example.net,Amy
hansentimothy@example.org,Kelly
ericapugh@example.net,Scott
george27@example.net,Brandon
gordonchristopher@example.net,Sandra
martinezamanda@example.com,Nicholas
emma59@example.net,David
sara34@example.net,Melvin
coxtravis@example.com,Jennifer
caroltaylor@example.org,James
changloria@example.org,Michael
stevenbarnes@example.org,Jennifer
olivialloyd@example.org,Melissa
whowell@example.net,Logan
johnbrown@example.org,Patty
cassandrasimmons@example.com,Michael
asmith@example.com,Kelly
arthurmueller@example.org,Elizabeth
steven13@example.com,Morgan
rodney63@example.org,Chad
christina59@example.net,Sarah
bmcguire@example.org,Debra
gonzalezanthony@example.com,Nicole
bbishop@example.com,Joseph
hlee@example.org,Jessica
wwarren@example.net,Matthew
matthewfrey@example.com,Kelly
berryerica@example.net,Mary
deborah00@example.org,Timothy
joshuagrant@example.com,Maurice
jacquelinemeyer@example.com,Michael
ricardo51@example.net,Scott
kimberlycase@example.com,Andrea
karen69@example.org,Marvin
emilygay@example.org,Betty
whenderson@example.net,James
gonzalezjohn@example.org,Billy
deanhernandez@example.com,Rachel
hphillips@example.net,Jeremy
theresa47@example.com,Jeffrey
billystanley@example.net,Paul
ashleyjenkins@example.net,Catherine
janiceyoung@example.net,Vanessa
annacollins@example.net,Connie
mark51@example.org,Richard
sstanley@example.com,Mary
ghogan@example.net,Jimmy
jmcclure@example.net,Linda
potterkrista@example.com,Justin
jeremiah98@example.net,Melissa
uwilliams@example.net,Brian
kennethmyers@example.net,Andrea
tyler34@example.com,Jennifer
heatherbailey@example.org,Jillian
francisjennifer@example.net,Christine
wmorris@example.com,Matthew
shannon74@example.com,Samantha
kristopher38@example.com,Angela
james38@example.org,Timothy
joshuakrueger@example.org,Judy
huntervanessa@example.net,Mario
eatonjeremy@example.com,Eric
iwalters@example.com,Mark
klarson@example.net,Cynthia
murrayraven@example.org,Kaitlyn
carrillodavid@example.com,Vicki
megan77@example.org,Christine
gamblemonica@example.org,Charles
gail50@example.net,Dustin
nancy51@example.net,Andrew
kimberlysanchez@example.org,Justin
chandlermelvin@example.com,Amanda
sheryldaniels@example.org,Robin
baldwinhannah@example.org,Nicole
therman@example.org,Michael
ccarroll@example.net,Joseph
langmary@example.org,Mark
carolwilliams@example.net,Gary
williamconner@example.com,Amy
farmerstephanie@example.com,Christopher
yatesjennifer@example.com,Briana
turneralexander@example.net,Tyler
jeffrey87@example.org,Anthony
howhitney@example.com,Juan
saraprice@example.org,Christy
huffmanalicia@example.org,Carolyn
bryan45@example.net,Jessica
asmith@example.org,Samantha
lisa00@example.com,Colin
rebeccaroberts@example.com,Brooke
ustein@example.org,Samantha
prattmargaret@example.com,Ryan
kingpatricia@example.com,Brenda
darrell95@example.net,Daniel
traviselliott@example.org,Karen
garciakimberly@example.com,Christina
wolfechristopher@example.org,Ann
zacharystewart@example.org,Edgar
michael93@example.net,Lynn
ortizlance@example.net,Brady
fphillips@example.com,Ryan
gjones@example.net,Shannon
dariusbarker@example.com,Joanna
cblack@example.net,Sandra
petersenmarc@example.org,Joshua
ricardooliver@example.com,Gary
andreareeves@example.org,Brandon
blackbrent@example.com,David
andersoncassandra@example.net,Brandon
phale@example.org,Matthew
jenniferglover@example.org,Julie
shieldspatrick@example.org,Adam
williamshaley@example.org,Jason
ndavis@example.org,Janet
ryanmejia@example.com,Chelsea
whitemichael@example.com,Jesse
davidstephens@example.net,Monica
christopherstevens@example.net,Wendy
sarahfrancis@example.com,Jennifer
bradshawkevin@example.net,Chad
saundersbrett@example.net,Tyler
juanhenderson@example.com,Casey
jaredwilliams@example.net,Courtney
michael10@example.net,Angelica
calebscott@example.com,Robert
christopherhenderson@example.org,Amy
robert49@example.com,Katie
thomaskelly@example.net,Tammy
okeller@example.org,William
lauren50@example.net,Crystal
stanleystephen@example.com,Wendy
barbaramoore@example.com,Brian
diana51@example.com,Wendy
karihenderson@example.net,Sherri
aaron56@example.com,Lisa
williammason@example.net,Chad
aphillips@example.net,Erica
yoliver@example.com,John
oscarsantiago@example.com,Joshua
pallen@example.net,Andrea
cynthia73@example.com,Laura
mwilson@example.net,Todd
johnsonjoanna@example.com,Ashley
jason57@example.net,David
andradetiffany@example.com,Brett
michaelschneider@example.com,Tyrone
snyderolivia@example.org,Lance
vasquezwayne@example.com,Steven
qzimmerman@example.org,Brenda
danielarellano@example.org,Roy
lisamatthews@example.org,Elizabeth
nixonlinda@example.com,Danny
fieldsmarcus@example.com,Jessica
qball@example.org,Craig
douglasbrown@example.org,Angela
henry16@example.net,Travis
kimberly19@example.net,Lauren
michellegriffin@example.org,Tracy
meyererin@example.net,Kayla
zford@example.net,Justin
barrettmario@example.net,Timothy
howardnolan@example.net,Kathryn
robert79@example.net,Justin
brandtdonna@example.com,Tiffany
udavis@example.org,Paul
richardballard@example.com,David
haleyparker@example.org,Andrew
kathleen34@example.net,Roberto
brandon85@example.net,Jeremy
khoffman@example.net,Karen
ericstark@example.net,Alyssa
jaime08@example.net,Greg
kristinmiller@example.net,Heather
stephaniewilson@example.net,David
erin42@example.org,Christine
terri41@example.org,Patrick
acortez@example.org,David
maciastabitha@example.org,Victoria
xquinn@example.net,James
kerry50@example.com,Brian
ryan19@example.net,Vickie
jilldennis@example.com,Jay
bakerpamela@example.com,Mary
theodorehammond@example.com,Stacy
sandra92@example.com,Jared
nathaniel02@example.com,Stacy
robincastro@example.net,Robert
timothyolson@example.org,David
sbates@example.org,Eileen
derekdavis@example.net,Rachel
fleminglaura@example.com,Ronald
xcalderon@example.net,Matthew
wandasparks@example.org,Nicole
elewis@example.net,Sean
suzannerowland@example.org,Sarah
lopezsarah@example.org,Kristina
michael04@example.org,Thomas
alexander09@example.com,Valerie
ktaylor@example.org,David
brice@example.net,Heather
valeriemathis@example.org,Matthew
pricesteven@example.net,Nicole
ndunn@example.com,Daniel
joshuamurray@example.com,John
christopher21@example.net,Robert
lopezkendra@example.com,Craig
susan80@example.com,Mary
john06@example.net,Angela
riosdeborah@example.net,Jessica
davidkeller@example.com,Gloria
jonathanparsons@example.com,Jennifer
yodermichelle@example.com,Taylor
stokesrobert@example.com,Dennis
smendoza@example.net,Aaron
wperez@example.net,Tracy
megan74@example.net,Benjamin
kelly12@example.org,Justin
erikaadams@example.org,Brandi
amandarobinson@example.com,Paula
brhodes@example.com,Gregory
nicoleadams@example.com,Thomas
kyle99@example.org,Nicole
jbrewer@example.org,Richard
christopherbarrett@example.com,Cynthia
ohall@example.org,Stephanie
loribarron@example.net,Alison
joanna37@example.org,Kenneth
amberballard@example.org,Danielle
ashleyroman@example.org,Sandra
johnjohnson@example.net,Mark
cardenasisaac@example.com,Hannah
fosterlinda@example.org,Tyler
christopher06@example.org,Brittany
stephenvaughn@example.org,Pamela
ekhan@example.net,Tara
linda15@example.net,Sandra
yross@example.com,Sean
odommichael@example.com,Brandon
alicia03@example.org,Tasha
smithmichael@example.org,Kevin
rickypadilla@example.com,Lisa
bwebster@example.com,Valerie
howard91@example.net,Stephen
taylormitchell@example.org,Amber
carrbriana@example.com,Victor
twells@example.org,Kelly
leeelizabeth@example.net,Steven
casey31@example.net,Luis
twhite@example.org,Jeffrey
lavila@example.org,Sarah
javier15@example.org,Patricia
curtis26@example.net,Heidi
skane@example.org,Michael
julie61@example.com,Victoria
ericjohnson@example.org,Kimberly
raylaura@example.com,Anthony
garzaevan@example.net,Cynthia
porterlori@example.org,John
claire91@example.net,David
morgansanchez@example.com,Kevin
wolfemary@example.com,Anthony
amaldonado@example.net,Benjamin
bernardsherman@example.com,Sherry
reyeskathryn@example.com,Cindy
adrianvelazquez@example.org,Roger
andrewtorres@example.com,Lauren
fernandezjessica@example.org,Donald
phillipstammy@example.org,Kristen
fwilkinson@example.org,Joseph
joshuapotter@example.org,Allison
wendyreid@example.com,Robert
amymccoy@example.com,Todd
garciasandra@example.org,Sean
jesse07@example.net,Tiffany
bsmith@example.com,Richard
ccummings@example.net,David
rickey17@example.org,Daniel
avilakimberly@example.org,Laura
stanleygriffith@example.net,Maria
jeffreyfinley@example.org,Donna
jorge79@example.org,Debra
jerryjackson@example.org,Mark
robin55@example.com,Jason
alexandra08@example.net,Kevin
suarezjulie@example.org,Hannah
jgonzalez@example.net,Jenna
andrew95@example.com,Wendy
grossdavid@example.com,Brent
inorris@example.net,Evan
margaret85@example.net,Willie
kevin97@example.com,Holly
ethan51@example.com,Leah
thomasjames@example.net,Kevin
krystalross@example.com,Melissa
angelaporter@example.org,Elizabeth
freemandavid@example.org,Christopher
julie60@example.net,Michael
bpearson@example.org,Julie
nicolegreer@example.net,Michael
eric74@example.com,Charles
maxwellthomas@example.org,Justin
uhenry@example.com,Erin
ramirezjessica@example.net,Brianna
zgriffin@example.com,John
rileytammy@example.com,Lindsey
frenchdonald@example.net,Crystal
grayjohnny@example.net,Robert
sharoncook@example.com,Rachel
robertsdavid@example.org,Michelle
nadams@example.org,Elijah
jessicamunoz@example.net,Kimberly
samanthamiller@example.org,Shannon
hjohnson@example.org,Maria
xsmall@example.com,Morgan
ajackson@example.com,Jose
pamela90@example.com,William
chouse@example.com,Kayla
shannonhansen@example.org,Brandon
timothy81@example.net,Michael
kimberlykane@example.org,Jennifer
nicolewhite@example.net,Timothy
caitlyn31@example.net,Alicia
burtongregory@example.net,Anthony
robertglover@example.org,Bianca
christopherbaker@example.com,Lisa
kimberly33@example.net,Aaron
hfischer@example.org,Kimberly
frazierjulie@example.com,Eddie
davisjessica@example.net,Mason
zachary06@example.net,Andrea
tkramer@example.com,Andrew
vesparza@example.com,Adam
smithnicole@example.org,Diane
mgarcia@example.org,Raymond
gonzalezandrea@example.net,April
johnsontanya@example.com,Stephanie
oolson@example.net,Allison
eric91@example.net,Kimberly
ubrady@example.net,Daniel
laura31@example.com,Kevin
jason13@example.net,Nancy
vernonjennings@example.com,Jesus
ddodson@example.com,Keith
ypacheco@example.com,Claudia
pwright@example.net,Samantha
markparker@example.com,Jessica
oconnordavid@example.com,Barbara
mejiarodney@example.com,Tina
garciajennifer@example.com,Christopher
rachael82@example.net,Chelsea
kelly11@example.com,Dillon
justin48@example.com,Mary
houstonjames@example.org,Matthew
bcallahan@example.org,Brian
ytaylor@example.com,Melissa
okim@example.org,James
ogreen@example.org,Daniel
scotthill@example.org,Kevin
toni34@example.org,Christopher
davilagary@example.net,Sylvia
rivaswendy@example.com,Kenneth
jenniferbrowning@example.net,Matthew
michelle82@example.com,Rebecca
christine06@example.org,Samantha
anthony63@example.com,Debra
rodrigueztimothy@example.com,Katherine
johnathanharris@example.com,Robin
woodstyler@example.org,Mariah
jonesamanda@example.net,Tina
nicholasharrison@example.org,Amanda
brandigarcia@example.org,Brittany
jesse49@example.com,John
vazquezjoseph@example.net,Heather
mrangel@example.net,Austin
katherineking@example.org,Summer
sanfordjerry@example.org,David
scott13@example.org,Dennis
cynthiadurham@example.com,Catherine
lmadden@example.com,Eric
rodriguezgabriel@example.net,Jose
patricia33@example.net,Cheyenne
james23@example.net,Timothy
flemingchristopher@example.com,Joan
christopher03@example.org,Amy
taylor33@example.org,Andrew
robert27@example.net,Amy
brownmary@example.net,Vanessa
ylopez@example.net,Erin
wandasmith@example.com,Melissa
tparker@example.org,Joshua
michaeljones@example.com,Autumn
johnsonvictoria@example.org,Fred
simonkaren@example.net,David
bbailey@example.com,Kayla
vaughanalexandra@example.com,Anthony
williamjones@example.net,Howard
christopher20@example.com,Matthew
allisonjeffrey@example.com,Desiree
montgomeryrichard@example.com,Howard
davidbarrett@example.net,Joseph
fhernandez@example.com,William
yrobinson@example.com,Holly
josephfisher@example.net,Clinton
ogarcia@example.org,Eric
jesse88@example.net,Jose
acostapaige@example.net,Karen
jennifer76@example.org,Cory
hadams@example.com,Amy
thomasballard@example.net,Kathleen
rebekahevans@example.org,Kimberly
victoriamcintyre@example.org,Karen
echristensen@example.org,Brian
john51@example.org,Stephen
ocowan@example.com,Curtis
cmoody@example.net,Daniel
judith21@example.org,Mariah
brittanymarks@example.net,Samantha
keith08@example.net,Laura
jessicakaufman@example.net,Frederick
matthew94@example.org,Shaun
mthomas@example.com,Michelle
simonsteven@example.com,Eric
stricklandpatricia@example.net,David
hernandezkevin@example.com,Randy
browncarlos@example.org,Jason
fjohnson@example.com,Todd
sarah74@example.com,Paula
joshualeonard@example.net,Holly
fordamy@example.com,Donna
blewis@example.com,Christopher
andrew96@example.com,Joseph
strongduane@example.com,Kelly
proach@example.org,Jeffrey
emma84@example.org,Amanda
wilkersonnicole@example.net,Lauren
gjohnson@example.org,Eric
lucas50@example.net,Jessica
mike24@example.com,Jason
lwhite@example.org,Lisa
anthonyshepard@example.net,Robert
valerieallen@example.org,George
andrew58@example.net,Paul
yfisher@example.org,Gina
johnsonaustin@example.com,Jessica
michael38@example.net,Maria
erica04@example.net,Tommy
jamespeterson@example.net,Danny
youngstephanie@example.org,Sarah
aguilarmark@example.com,Mark
benjamincarlson@example.net,Julia
jason92@example.org,Michael
ulang@example.com,Rhonda
todd91@example.net,Jonathan
yaustin@example.org,Sean
xhorn@example.com,Edward
lyoung@example.com,David
robert33@example.net,Alan
mclark@example.net,Oscar
tara90@example.org,Charles
stephen39@example.org,Matthew
gregoryalvarez@example.net,Jeremy
caitlyn17@example.org,Lauren
hperry@example.net,Paula
pthomas@example.net,Veronica
kevinwilliamson@example.org,Morgan
steven97@example.org,David
katherine41@example.net,Ryan
hhill@example.com,Kimberly
woodsuzanne@example.net,Crystal
welchscott@example.org,Tracy
herringalicia@example.net,Michelle
mdavidson@example.org,Stacy
marknguyen@example.net,James
scottford@example.net,Jacob
pcaldwell@example.org,Troy
andersonjulia@example.org,Adam
sherrigarza@example.org,Carol
snowtravis@example.net,Jessica
grantdavid@example.org,Rachel
kevin43@example.com,Patrick
msoto@example.com,Steven
jaredwood@example.org,Jacob
gregorychandler@example.net,Kimberly
wwells@example.org,Nicole
amy30@example.com,Alice
charles25@example.org,David
carlossmall@example.com,Jason
xmartinez@example.net,Tammy
walkercathy@example.com,Ryan
leedesiree@example.org,Austin
martha80@example.com,Jessica
christina51@example.net,Ryan
srangel@example.net,Kelly
wvazquez@example.org,Lori
shelby63@example.com,Stephanie
mestes@example.com,Frederick
tammy23@example.com,Megan
micheleholt@example.org,Megan
chungkarl@example.net,William
anthony36@example.org,Mary
nmiddleton@example.org,Megan
alyssa50@example.net,Joseph
guerreroalbert@example.org,Timothy
andrewrios@example.org,Hannah
michaeljackson@example.org,Jessica
jonesmichael@example.com,Joan
jasonvalencia@example.org,Sarah
michael07@example.org,David
clintoncarter@example.net,Daniel
mark41@example.org,Kyle
marymckay@example.net,Juan
frankshannon@example.org,Michael
marquezalice@example.org,Mary
jamesmartinez@example.org,Jonathan
andreahart@example.com,Adam
liuian@example.org,Lucas
kkirby@example.org,Daniel
sharonsanchez@example.org,Carl
rmartin@example.net,Zachary
valeriefry@example.org,Ronnie
abigail74@example.org,John
cheryl17@example.net,Patrick
samuel36@example.org,Bryan
penanancy@example.net,Jake
gmckenzie@example.org,Angela
vpierce@example.org,James
robin34@example.com,Clayton
graymaurice@example.com,Walter
uyoung@example.org,Ryan
vgreene@example.com,Angela
dickersonnathan@example.com,Mary
joshua46@example.net,Connor
washingtonjustin@example.net,Kenneth
donovantanya@example.com,Richard
michaelcunningham@example.net,Joshua
kylewilliams@example.org,Mackenzie
ymiller@example.com,Darin
christopherdavis@example.net,Michael
dickersonsamuel@example.com,Richard
robert14@example.org,Catherine
ginastevenson@example.com,Christopher
victoria60@example.net,Daniel
rebeccatodd@example.net,Jacob
slivingston@example.org,Paul
vargasjohn@example.org,Scott
comptonjoseph@example.org,Stephanie
jonathan89@example.net,Christopher
uconley@example.net,Michael
xellis@example.com,Kimberly
susan42@example.org,Francisco
michael07@example.net,Scott
courtneylee@example.net,Carolyn
pamela57@example.com,Andrew
kpeters@example.org,Whitney
donna74@example.org,Regina
april88@example.net,Larry
ronaldhodges@example.com,Frank
lthompson@example.org,Rhonda
laurennorman@example.com,Madison
danielleestrada@example.net,Colleen
brianaallen@example.com,James
kramirez@example.net,Amy
jennifer17@example.net,Joshua
ramosjonathan@example.com,Yolanda
xavier12@example.com,Erica
rebecca31@example.net,Nicholas
houstonjose@example.net,Tina
otorres@example.org,Chad
williamsmichelle@example.org,Melissa
christopherryan@example.org,Justin
christinasmith@example.net,Lisa
williamcarter@example.com,Timothy
robert22@example.org,Carrie
brownrhonda@example.net,Faith
stevenfernandez@example.net,Gabriel
ningram@example.com,Joseph
megan20@example.com,Michelle
martinmakayla@example.net,Paula
kaitlyn09@example.net,Heather
donna03@example.org,Belinda
xshort@example.com,Emily
evan93@example.org,Michael
robin82@example.net,Dylan
cherylheath@example.org,Jay
natalie42@example.org,Dylan
xyork@example.com,Julie
carlos58@example.net,Nancy
smithmary@example.net,James
joshuawilliams@example.org,Adam
erica30@example.net,Bradley
robert19@example.org,Tamara
tbarrera@example.org,Theresa
ganderson@example.com,Samantha
lowebrenda@example.net,Lisa
stevenspatrick@example.com,Sharon
fergusonmiguel@example.net,Jermaine
robertosalazar@example.org,Scott
woodwardalec@example.net,Francis
wsanchez@example.net,Andrew
alvinblackburn@example.net,Edwin
amyturner@example.net,Tiffany
haleyclark@example.com,Rick
dana33@example.net,Samuel
spencerstephen@example.org,Steven
laurie68@example.com,Sarah
eric48@example.net,Courtney
jeffrey29@example.net,Lisa
steven19@example.org,Brandon
mercedes07@example.net,Michael
hamptonjennifer@example.com,Jorge
edwardpatterson@example.org,James
harveymelissa@example.com,Sarah
jennifer36@example.org,Darlene
sanchezkayla@example.com,Heather
melanie81@example.org,Charles
justinduke@example.org,Anna
kelly60@example.org,Bryce
trevor18@example.com,Christopher
woliver@example.org,Kathryn
vjensen@example.org,Mary
michaelsnyder@example.org,Diane
natashajones@example.org,Heather
michelle85@example.net,Heather
marklee@example.org,Heather
leslie98@example.org,Brenda
rramirez@example.net,Kristina
deanstephanie@example.net,Kyle
dclark@example.net,Gary
starkryan@example.org,Julie
myersgary@example.com,Joshua
aallen@example.org,Timothy
tamara33@example.net,John
taylor95@example.net,Mallory
fwalls@example.org,Bradley
ybarrett@example.net,Alyssa
petersonrandy@example.com,Corey
richard65@example.com,Lisa
richardsonlacey@example.net,Amber
reidsean@example.com,Susan
jeffreyortiz@example.org,James
mitchellbrendan@example.net,David
fitzgeraldbrian@example.org,Paul
ycardenas@example.org,Nancy
taylorcharles@example.org,Laura
aliciamiles@example.org,Gordon
zacharyvillarreal@example.net,John
anthonygross@example.com,Jacob
jackie96@example.com,Derrick
stacey46@example.net,Amanda
moliver@example.org,Angela
jeremyfowler@example.com,Kristin
smithcynthia@example.com,Melissa
charlesprice@example.com,Matthew
dpadilla@example.net,Vanessa
mcdanieljoel@example.com,Christopher
jfrederick@example.org,Carl
johnsonellen@example.org,Charles
harriskara@example.net,Melody
gmccoy@example.org,Ashley
emily23@example.com,Sharon
douglas18@example.com,Patricia
harrissara@example.org,Misty
owilliams@example.com,Diane
brownlisa@example.org,Patrick
bishopjared@example.org,Joseph
michaelfarrell@example.net,Jeffery
